Brewery,AK,AL,AR,AZ,CA,CO,CT,DC,DE,FL,GA,HI,IA,ID,IL,IN,KS,KY,LA,MA,MD,ME,MI,MN,MO,MS,MT,NC,ND,NE,NH,NJ,NM,NV,NY,OH,OK,OR,PA,RI,SC,SD,TN,TX,UT,VA,VT,WA,WI,WV,WY
Maui Brewing Co.,41,2,2,2,0,3,9,2,8,0,1,8,6,3,27,87,5,4,2,12,1,5,0,5,0,6,0,11,45,2,1,34,27,0,1,0,1,20,7,5,14,4,3,15,15,1,3,5,5,1,1
21st Amendment Brewery,46,2,6,17,0,11,72,2,48,0,0,70,6,1,11,105,37,14,3,60,0,3,4,23,0,2,0,1,3,2,8,129,39,1,4,0,0,20,5,10,2,11,3,34,48,0,3,54,11,13,0
Bluegrass Brewing Co.,7,11,3,16,0,4,13,0,23,0,4,27,7,0,15,35,18,21,5,108,1,14,118,7,0,4,0,0,20,1,41,62,69,0,5,2,0,43,57,9,9,2,3,7,15,2,13,11,18,0,1
Brau Brothers Brewing Co. LLC,6,8,0,3,0,1,5,0,4,0,6,5,0,1,5,14,2,7,0,7,1,5,1,2,5,4,0,0,8,1,2,11,2,1,0,0,0,20,2,37,0,2,0,4,5,1,7,210,23,1,0
Jackie O's Pub &amp; Brewery,7,1,2,10,0,2,8,2,8,0,0,28,3,2,15,72,2,6,1,174,0,23,0,4,0,1,0,0,8,0,3,48,44,0,0,0,0,54,11,0,2,5,1,15,15,0,1,7,5,1,2
O'Fallon Brewery,1,32,0,6,3,3,5,1,14,1,7,14,2,2,34,18,7,8,16,103,24,2,33,1,0,0,0,0,28,7,8,54,11,1,9,3,0,163,16,35,3,2,1,2,23,0,158,26,56,1,3
Cisco Brewers Inc.,15,7,0,40,0,66,62,1,32,0,0,108,34,0,23,49,26,89,2,19,1,21,1,10,0,8,0,0,21,5,1,119,35,0,1,3,13,66,7,1,9,1,39,17,263,4,10,13,9,1,0
New Albanian Brewing Company Pizzeria and Public House,0,1,0,5,0,1,2,0,2,0,0,1,0,0,2,6,4,1,1,9,0,0,30,2,0,0,0,0,0,1,2,6,1,0,0,0,0,12,41,0,0,0,0,1,7,0,3,3,2,0,0
Columbus Brewing Company,5,4,0,3,0,2,3,1,6,0,2,12,3,1,2,17,3,1,0,142,0,11,1,5,0,3,0,0,4,0,6,22,9,0,0,1,1,14,4,3,0,2,0,5,14,0,3,10,9,0,1
Pipeworks Brewing Company,8,14,0,2,0,0,1,1,7,0,0,12,2,1,3,22,3,2,0,15,0,1,1,4,0,14,0,0,1,5,0,13,7,0,0,0,0,425,12,1,0,0,0,2,15,0,0,4,11,0,0
Arcadia Brewing Company,12,20,7,15,2,6,54,1,17,0,7,99,10,4,18,37,16,12,14,189,20,6,40,10,0,7,0,1,30,3,10,175,29,4,1,0,1,212,33,24,2,2,6,23,70,2,79,28,314,8,0
Mother Earth Brewing,13,4,1,15,0,2,22,0,150,0,0,34,6,1,2,25,32,3,2,10,6,28,9,0,0,3,0,0,9,0,13,51,32,0,3,0,2,17,1,0,3,0,0,10,20,0,1,9,1,0,0
City Steam Brewery Caf√©,0,0,0,0,0,0,1,0,1,0,0,5,1,0,1,0,0,19,0,0,0,0,0,0,0,0,0,0,0,0,0,2,0,0,0,0,0,1,0,0,0,1,0,0,3,0,0,0,0,0,0
Highland Brewing,8,11,4,82,0,5,34,1,230,0,1,41,3,0,10,27,97,13,2,68,0,84,20,9,0,3,0,1,23,8,53,72,67,1,20,0,1,26,9,4,5,0,12,23,28,3,16,17,14,1,8
Alaskan Brewing Co.,117,59,2,10,8,7,23,3,10,0,3,21,4,19,106,226,6,11,5,29,2,13,2,62,0,3,0,1,90,9,6,40,9,12,10,0,4,45,11,9,38,14,3,5,34,6,19,174,8,10,2
New Planet Beer Company,1,0,0,2,0,0,2,1,2,0,1,2,0,0,5,8,2,0,0,2,1,0,0,0,0,0,0,0,2,0,0,5,0,0,0,0,0,2,0,1,2,0,0,0,2,0,2,1,0,0,0
Notch Brewing,1,0,0,0,0,3,0,0,0,0,0,2,3,0,0,1,2,0,0,0,0,0,0,0,0,1,0,0,2,1,0,2,0,0,0,0,0,1,2,0,0,0,2,0,72,0,0,0,0,0,0
Central City Brewing,13,2,0,0,0,4,3,0,1,0,1,3,3,1,2,7,0,2,0,2,0,1,0,2,0,0,0,0,2,0,0,38,6,0,1,0,2,8,0,0,0,0,4,3,31,1,0,6,2,1,0
Bayou Teche Brewery,1,1,1,4,0,1,3,0,3,0,0,2,3,0,1,2,4,2,1,2,0,4,0,3,0,0,0,0,9,30,2,8,4,0,7,2,2,8,0,0,2,1,0,0,5,2,1,1,1,0,5
Mankato Brewery,0,0,0,0,0,0,0,0,0,0,0,0,0,0,0,2,0,0,0,0,0,0,0,0,0,0,0,0,0,0,0,2,0,0,0,0,0,1,0,2,0,0,0,0,0,0,0,8,0,0,0
Black Raven Brewing Co.,28,0,0,0,0,1,0,0,1,0,0,1,0,2,1,2,0,0,0,1,0,0,0,5,0,0,0,0,0,0,0,0,1,0,0,0,0,2,0,0,0,0,0,0,1,0,0,0,0,0,0
Big Time Brewery &amp; Alehouse,6,0,0,0,0,0,0,0,1,0,0,0,0,0,1,2,0,0,0,1,0,1,0,0,0,0,0,0,0,0,0,0,2,0,0,0,0,1,0,0,1,0,0,1,0,0,0,0,0,0,0
Stevens Point Brewery,0,180,8,15,0,12,35,1,21,1,15,58,4,4,13,13,18,8,25,62,13,19,20,0,1,0,0,0,18,11,7,83,21,4,9,3,0,150,31,47,1,6,1,8,17,2,52,105,53,0,12
La Cumbre Brewing Co.,0,0,0,0,0,1,0,7,0,0,0,0,0,1,2,10,1,0,1,2,0,0,0,2,0,1,0,0,2,0,0,7,0,0,0,0,0,6,2,1,0,0,1,0,6,0,1,3,0,0,0
Hardywood Park Craft Brewery,2,0,0,6,0,0,3,0,6,0,0,8,0,0,0,4,3,5,0,2,0,4,1,0,0,0,0,2,0,0,2,11,57,0,0,0,0,9,3,0,0,0,0,13,14,0,3,5,1,0,0
Grand Lake Brewing Company,0,0,0,0,2,1,1,0,0,0,1,3,1,0,29,1,1,1,2,1,2,1,3,0,0,0,0,0,1,0,1,0,3,0,1,0,0,1,0,2,1,1,1,0,1,1,1,1,2,0,0
Charleville Vineyard Microbrewery,1,1,1,1,0,0,2,0,1,0,0,8,1,0,0,8,5,2,3,5,1,2,1,0,0,0,0,0,3,1,3,6,1,0,0,5,0,24,3,0,2,1,0,3,5,0,21,6,0,0,0
Flossmoor Station Restaurant &amp; Brewery,3,2,0,6,1,1,5,0,3,0,1,10,2,0,2,15,5,3,4,21,0,4,5,0,0,1,0,0,2,1,0,12,6,0,2,0,0,73,5,11,1,1,0,4,4,1,8,9,1,0,0
Sun King Brewing Company,0,3,0,3,0,3,1,0,5,0,2,7,0,1,2,20,1,2,2,32,1,3,5,0,0,2,0,0,1,1,0,20,7,0,4,0,1,40,120,2,3,1,0,3,13,0,3,9,1,1,0
Harpoon Brewery,11,3,21,38,0,55,86,3,45,0,0,181,39,1,13,31,33,71,7,55,2,28,16,1,0,1,0,0,64,10,25,182,53,2,21,1,21,37,37,2,2,0,49,60,259,1,6,10,44,4,1
Wachusett Brewing Company,6,0,0,10,2,53,42,0,15,0,0,100,45,0,6,28,6,59,1,4,0,15,2,3,0,4,0,1,8,0,2,61,9,0,2,0,11,6,4,6,7,3,20,12,405,4,13,11,0,1,0
Speakeasy Ales &amp; Lagers,14,2,1,3,0,8,27,2,9,0,0,103,7,16,8,221,4,12,1,16,2,4,2,24,0,1,0,0,15,2,1,46,33,0,4,1,2,5,8,3,7,1,0,14,19,2,4,4,12,3,2
Abita Brewing Co.,14,41,4,77,0,11,45,6,51,0,4,112,9,2,31,95,58,24,22,65,9,28,29,21,1,6,0,0,108,89,32,150,55,1,27,7,6,83,40,11,20,3,4,47,59,0,51,46,35,17,27
Deschutes Brewery,158,33,8,38,8,12,40,11,23,2,4,70,15,39,127,403,21,21,13,38,21,10,13,150,2,10,0,7,137,4,8,103,39,4,8,2,1,163,27,19,74,20,14,33,78,7,60,146,20,23,5
Marshall Wharf Brewing Company / Three Tides Restaurant,0,1,0,0,0,4,0,0,1,0,0,2,0,0,0,0,0,1,0,1,0,0,1,0,0,0,0,0,0,0,1,2,0,1,0,0,0,0,0,0,0,0,9,2,2,0,0,0,1,0,0
Atlantic Brewing Company,2,11,3,14,0,28,46,0,13,0,1,46,9,0,10,12,28,21,3,23,0,4,3,6,0,1,0,0,27,5,10,76,18,0,4,1,5,15,5,4,3,1,56,34,118,2,2,22,9,0,2
Caldera Brewing Company,42,2,0,12,1,7,22,1,33,0,2,10,2,6,5,109,5,5,13,10,3,4,13,49,0,3,0,0,6,2,18,58,23,0,1,0,0,26,5,7,3,7,2,6,12,1,3,11,8,1,1
Great Lakes Brewing Company,18,69,35,21,0,9,71,7,90,0,5,156,11,1,27,53,25,22,6,339,1,11,78,11,0,4,0,1,28,13,31,265,93,2,5,0,1,214,40,14,4,5,8,47,47,1,11,93,148,13,1
Fullsteam Brewery,1,0,0,0,0,1,0,0,29,0,0,2,0,0,0,2,3,1,0,0,0,2,0,0,0,0,0,0,0,0,0,1,4,0,0,0,0,0,0,0,0,0,0,2,1,0,0,1,0,0,0
Joseph James Brewing Inc.,10,1,0,2,0,1,1,1,1,0,0,4,1,6,1,16,2,0,0,1,1,1,2,4,0,1,0,0,6,0,1,4,1,0,1,2,0,17,1,1,2,2,1,1,2,0,0,3,0,1,0
Nimbus Brewing Company,2,8,0,7,2,1,9,2,5,0,4,11,1,5,7,60,13,11,1,6,0,1,0,14,0,1,0,0,11,0,1,20,5,1,0,2,0,7,2,1,60,0,0,3,6,3,0,4,5,1,0
Green Man Brewery,1,0,0,4,0,1,2,0,34,0,0,3,0,0,0,1,6,1,0,1,0,10,5,1,0,0,0,0,0,0,2,3,8,0,1,0,0,0,0,0,0,0,0,1,0,0,0,1,1,0,1
Crooked Stave Artisan Beer Project,18,3,0,4,0,0,8,0,8,0,0,8,2,0,106,35,2,3,0,6,0,3,0,2,0,1,0,0,2,0,0,16,10,0,3,0,2,31,6,0,2,0,0,3,3,0,0,4,2,0,2
Berkshire Brewing Company Inc.,15,7,3,15,0,61,48,1,30,0,1,78,72,1,20,30,8,216,3,25,0,12,3,3,0,0,0,3,18,2,3,96,29,3,0,3,28,40,17,3,6,4,24,22,547,8,4,16,6,5,1
Red Rock Brewing Company,0,0,0,0,0,0,0,0,0,0,0,1,1,0,2,2,6,1,0,0,0,0,0,0,0,0,0,0,0,0,0,1,1,0,0,0,0,0,1,0,1,0,0,1,0,4,0,0,0,1,0
Old Schoolhouse Brewery,21,2,0,0,0,1,3,0,1,0,0,4,0,1,2,4,0,0,0,1,0,0,0,3,0,0,0,0,1,2,0,5,1,0,0,0,0,0,0,0,0,0,0,2,1,0,0,0,2,0,0
Captain Lawrence Brewing Co.,21,6,0,24,4,11,104,0,15,0,0,441,14,1,16,105,15,119,3,45,0,22,3,12,0,5,0,0,20,3,5,121,41,0,1,0,2,95,15,1,11,1,6,29,69,2,5,25,14,0,0
East End Brewing Company,5,1,9,4,0,6,6,0,5,0,0,9,3,0,8,22,13,13,3,28,0,6,2,8,0,1,0,0,2,1,0,216,8,4,0,0,1,21,10,1,1,0,4,5,12,3,1,7,2,4,0
Laughing Dog Brewing,60,25,6,39,0,7,47,0,30,0,1,42,1,7,6,66,20,21,25,42,10,13,13,24,0,8,0,0,36,2,11,75,51,0,4,1,1,44,6,15,13,23,1,24,31,8,15,18,17,5,4
North Peak Brewing Company,2,4,4,2,1,4,0,3,2,0,0,5,1,0,2,6,1,7,0,118,0,4,6,3,0,0,0,0,2,0,4,16,9,0,0,0,0,24,5,1,0,0,2,1,5,0,0,2,100,4,0
Westbrook Brewing Co.,5,1,0,16,0,1,2,0,22,0,0,9,1,0,2,10,31,5,0,6,0,73,4,0,0,3,0,0,2,1,4,17,13,0,8,0,0,13,6,1,1,0,1,9,14,0,5,4,0,1,3
Mendocino Brewing Company,17,20,5,16,2,8,33,2,43,0,0,107,4,11,15,170,28,19,11,50,9,31,11,15,0,0,0,0,27,10,10,66,23,1,8,3,4,56,13,22,11,8,2,26,38,3,15,24,13,4,1
Flying Dog Brewery,32,50,22,44,0,26,103,1,67,0,5,137,11,4,21,169,25,25,21,88,1,16,20,13,0,26,0,1,25,1,16,283,92,0,18,1,4,100,44,16,13,1,18,220,64,1,2,57,72,10,1
Gigantic Brewing Company,12,0,0,2,0,0,0,0,2,0,0,1,0,0,0,1,0,0,0,0,0,0,0,7,0,0,0,0,0,0,0,0,1,2,0,0,3,1,2,0,0,2,0,3,1,0,0,0,0,1,0
Magnolia Pub &amp; Brewery,2,1,0,0,0,1,0,0,3,0,0,1,0,1,1,24,0,0,0,1,0,0,0,10,0,0,0,0,4,0,0,4,0,0,2,0,0,4,0,0,0,0,0,1,3,0,1,0,1,0,0
Christian Moerlein Brewing Company,4,8,2,16,3,0,12,0,7,0,0,18,5,0,4,13,7,3,1,179,0,9,67,0,0,0,0,0,14,0,16,11,10,0,3,0,0,17,13,4,3,1,5,2,3,0,3,4,7,1,3
Redhook Ale Brewery,120,24,3,31,0,61,24,9,53,1,8,74,17,5,47,116,20,41,16,34,7,22,13,41,1,1,0,2,76,9,15,93,51,4,9,1,5,49,11,15,15,14,27,28,81,3,19,65,25,11,5
Outer Banks Brewing Station,0,0,0,0,0,0,2,0,5,0,0,2,0,0,0,0,0,0,0,1,0,1,0,0,0,0,0,0,0,0,1,6,4,0,0,0,0,0,0,0,0,0,1,0,1,0,0,0,0,0,0
Elysian Brewing Company,322,15,0,12,0,3,90,0,13,0,3,102,6,3,66,59,11,17,3,32,1,3,0,70,0,4,0,0,23,5,7,209,12,7,4,1,11,27,4,3,6,22,2,43,24,4,5,9,12,11,0
Olvalde Farm &amp; Brewing Company,1,3,0,0,0,0,0,0,0,0,0,4,0,0,4,6,0,0,0,3,0,0,0,0,0,0,0,0,0,0,2,2,0,0,0,0,0,7,0,2,0,0,0,0,0,0,1,61,1,0,0
Blue Mountain Brewery,7,0,1,10,1,5,16,0,27,0,0,19,0,0,2,14,11,4,0,9,0,5,4,2,0,0,0,0,6,2,3,43,125,0,7,0,0,9,0,1,5,1,4,14,7,1,2,5,2,0,0
Moat Mountain Smoke House &amp; Brewing Co.,0,1,0,0,0,37,2,0,2,0,0,2,2,0,2,2,2,2,0,0,0,0,0,0,0,1,0,0,0,0,0,9,0,0,1,0,1,3,0,0,2,1,21,1,45,0,0,0,0,0,0
Steamworks Brewing Co.,5,5,0,3,4,2,6,10,6,0,0,8,1,3,56,13,4,3,8,6,0,1,1,4,0,1,0,0,65,0,0,32,23,0,0,1,0,9,0,3,12,0,2,4,8,1,2,22,1,0,0
Knee Deep Brewing Company,5,1,0,14,0,0,14,3,4,0,0,9,2,9,4,143,7,0,0,13,0,1,1,6,0,1,0,1,1,2,3,7,5,0,3,0,3,12,4,0,7,0,0,3,6,0,3,3,2,0,1
Southampton Publick House,24,14,1,45,3,15,113,2,24,0,6,273,19,0,34,83,41,62,14,57,3,21,15,27,0,5,0,2,21,10,12,286,60,2,4,3,4,82,24,7,6,5,8,45,120,3,12,32,12,2,0
Fort George Brewery + Public House,28,0,0,0,0,0,1,0,2,0,0,1,0,2,4,5,2,0,0,1,0,1,0,23,0,1,0,0,0,2,0,7,2,0,0,0,0,3,1,0,2,1,0,1,2,0,0,4,0,0,0
Steel Toe Brewing,4,1,0,1,1,1,2,0,2,0,0,7,0,1,2,10,2,0,0,3,0,3,1,1,0,2,0,0,1,1,0,10,3,1,0,0,0,23,4,3,1,0,0,2,1,0,4,122,3,0,0
Erie Brewing Co.,2,0,6,62,0,1,50,0,19,0,0,73,2,1,9,11,3,13,1,53,0,13,14,11,0,3,0,1,4,2,2,249,16,0,10,0,0,19,5,4,0,0,2,15,31,1,3,3,23,8,0
Upland Brewing Company,14,74,1,30,1,10,22,1,30,0,0,67,5,1,36,104,35,17,3,124,0,43,63,11,0,2,0,0,18,1,15,90,51,0,4,0,3,205,359,5,14,10,14,28,27,3,17,35,25,3,0
Freetail Brewing Company,12,4,0,2,0,1,2,0,3,0,0,20,0,0,1,18,7,2,0,8,0,7,0,1,0,2,0,0,63,2,1,10,7,0,0,0,1,35,8,0,2,0,0,4,8,0,0,6,0,0,1
Atwater Block Brewery,7,16,3,16,1,26,18,0,30,0,0,68,8,0,7,7,9,16,1,59,1,8,14,2,0,2,0,0,6,3,12,124,23,0,0,0,6,50,19,11,3,1,3,9,52,0,8,25,192,6,1
Hopworks Urban Brewery,115,5,0,5,0,4,4,0,12,0,1,9,0,4,3,37,12,4,0,8,0,2,2,100,0,0,0,1,7,1,0,33,5,0,0,0,1,15,4,5,3,7,0,13,15,1,2,7,7,1,0
Cricket Hill Brewing Co.,3,0,0,6,4,1,106,0,6,0,2,30,8,0,2,10,6,11,2,7,0,8,1,3,0,1,0,0,2,1,2,57,6,0,0,0,2,3,7,5,5,0,7,3,12,5,0,2,0,0,0
Triton Brewing Company,0,0,0,0,0,0,0,0,1,0,0,0,0,0,0,1,0,0,0,3,0,0,0,0,0,0,0,0,0,0,0,0,0,0,0,0,0,0,9,0,0,0,0,0,0,0,0,0,1,0,0
Peak Organic Brewing Company,11,11,1,70,0,74,26,0,35,0,0,144,18,2,8,31,37,43,1,11,1,17,1,1,0,2,0,0,2,1,1,55,41,0,1,0,9,15,4,1,0,0,65,23,185,4,2,12,2,0,0
Dick's Brewing Company,118,3,0,4,0,8,8,0,11,0,0,23,0,0,13,28,6,5,7,12,2,4,1,77,0,0,0,0,9,2,4,35,2,0,0,1,1,7,0,9,15,1,0,1,2,5,1,7,5,1,0
Buffalo Bill's Brewery,9,10,2,12,0,0,21,2,6,0,4,29,4,1,8,30,2,9,2,23,3,7,5,6,0,1,0,0,18,2,0,35,15,1,0,0,1,26,10,8,10,0,0,12,14,0,10,4,16,2,1
Flat Earth Brewing Company,6,10,0,5,2,0,4,0,5,0,0,9,0,0,9,19,3,7,1,24,1,6,2,3,0,0,0,0,4,1,1,30,4,0,0,2,1,6,2,11,4,2,4,6,4,0,7,248,6,0,2
Third Street Brewhouse,0,0,0,0,0,0,1,0,0,0,0,0,0,0,0,1,0,0,0,0,0,0,0,0,0,0,0,0,0,0,0,2,0,0,0,0,0,2,0,1,0,0,0,2,0,0,1,28,0,0,0
BridgePort Brewing Co. / Brewpub,123,12,0,10,2,2,4,8,19,0,5,5,0,11,67,65,38,7,35,11,10,6,6,121,0,0,0,0,51,9,17,20,9,1,4,4,0,77,4,4,27,16,0,3,14,2,12,16,3,3,0
Maine Beer Company,9,1,0,7,0,19,50,1,7,0,0,75,14,3,3,19,6,31,0,9,1,6,1,5,0,6,0,0,2,1,7,82,34,0,0,0,9,32,9,0,1,1,37,8,96,3,1,12,5,0,5
New Holland Brewing Company,15,79,18,39,0,6,72,1,82,0,2,64,12,2,17,43,40,14,13,196,6,43,71,13,0,3,0,0,40,6,14,235,97,3,4,2,8,257,88,19,9,1,5,34,40,0,68,104,301,16,0
Tuckerman Brewing Co.,1,0,0,4,0,32,8,0,3,0,0,13,12,0,7,4,2,8,0,1,0,1,0,3,0,1,0,0,1,0,0,15,2,0,0,0,2,3,0,0,3,1,11,5,68,1,0,2,2,0,1
Terrapin Beer Company,11,9,8,148,0,6,100,4,98,0,0,67,4,1,16,35,160,12,7,42,3,63,9,8,0,9,0,0,27,8,34,149,76,0,35,0,2,64,23,5,2,3,12,27,45,1,10,28,11,5,10
Tin Roof Brewing Company,1,0,0,2,0,0,0,0,0,0,0,0,1,0,0,1,2,1,0,1,0,0,0,1,0,0,0,0,3,7,1,3,1,0,0,0,1,2,2,0,0,1,0,0,1,0,0,0,0,0,1
Minhas Craft Brewery,24,133,1,37,0,17,18,5,39,0,11,86,3,3,7,162,35,9,13,65,7,16,41,16,0,2,0,1,50,5,11,58,35,2,6,1,0,192,58,39,5,3,21,23,59,0,57,92,44,1,7
Sebago Brewing Company,5,3,0,3,0,56,10,0,16,0,1,22,15,0,6,4,6,50,1,5,0,9,2,1,0,0,0,0,4,0,2,15,6,4,0,0,3,11,1,1,0,1,94,15,113,3,0,5,2,0,1
Heretic Brewing Company,2,0,0,0,0,0,5,1,2,0,1,4,0,0,0,85,0,2,0,0,0,0,0,3,0,1,0,0,4,0,3,2,4,0,1,0,0,11,7,1,0,6,0,1,3,0,0,0,0,0,0
Aviator Brewing Company,0,0,0,5,0,0,5,2,45,0,0,2,0,0,0,3,5,1,0,0,0,9,3,0,0,2,0,0,0,0,0,6,4,0,0,0,0,4,0,0,0,0,0,2,1,0,0,2,0,0,0
Left Hand Brewing Company,45,42,6,101,1,14,65,14,57,0,6,90,12,4,110,54,62,15,36,119,22,22,37,12,0,1,0,4,116,14,20,131,71,2,15,7,8,126,53,22,27,0,4,14,99,1,59,69,56,7,1
"Pyramid Breweries, Inc.",71,8,1,4,2,3,19,7,23,0,5,35,3,3,24,114,8,10,7,31,3,10,6,47,0,1,0,2,32,3,2,23,19,0,1,0,0,34,8,3,16,12,1,9,27,4,18,23,9,5,0
Midnight Sun Brewing Co.,108,13,1,20,3,9,26,2,19,0,1,86,4,3,19,253,34,17,13,35,1,18,7,57,0,4,0,0,19,7,3,85,27,49,4,0,2,63,12,7,9,16,1,21,49,2,21,35,17,1,2
Boulder Beer / Wilderness Pub,15,27,3,48,9,20,54,3,35,1,7,75,6,18,125,78,25,33,4,78,25,21,24,15,0,0,0,0,23,10,20,154,33,1,11,1,2,68,46,12,15,3,7,21,83,4,29,52,30,7,0
New Glarus Brewing Company,59,413,11,33,3,11,59,0,32,1,8,82,12,10,69,139,21,27,1,104,3,22,31,14,2,11,0,0,27,4,13,111,54,2,2,2,5,546,84,88,8,6,5,33,95,1,38,327,38,1,1
Kuhnhenn Brewing Company,11,27,0,23,1,13,27,1,39,0,1,145,7,4,37,150,34,58,11,107,0,19,15,15,0,4,0,0,14,5,4,146,43,0,0,7,4,139,27,11,15,2,11,30,74,1,11,51,246,0,1
Big Sky Brewing Company,60,34,0,10,3,0,16,6,12,0,17,24,8,11,64,114,8,4,26,27,24,10,8,18,0,0,0,0,61,6,7,35,16,0,2,0,1,116,13,36,38,25,2,10,21,4,51,73,76,29,0
Lagunitas Brewing Company,59,47,21,64,3,21,90,5,45,0,9,152,22,14,59,310,70,48,10,78,11,23,10,36,1,6,0,0,107,4,28,170,70,1,18,5,19,142,16,5,31,7,29,56,120,3,29,71,97,15,4
Russian River Brewing Company,59,29,14,44,1,14,68,5,37,0,7,98,15,30,72,747,28,23,9,59,1,23,16,45,0,12,0,2,44,3,6,202,64,0,28,1,12,146,44,4,20,6,7,55,85,0,35,47,18,5,7
River Horse Brewing Co.,6,5,2,8,0,4,230,0,12,0,0,106,3,0,7,21,6,42,2,13,1,12,3,1,0,5,0,0,8,1,0,226,21,0,0,0,2,17,3,3,0,0,5,26,34,3,3,7,7,1,0
Great Divide Brewing Company,93,17,11,122,4,21,118,1,80,0,6,159,13,7,229,196,79,32,52,127,29,42,26,31,2,9,0,0,115,8,15,173,63,2,43,4,9,140,69,12,46,5,7,71,151,6,40,87,46,8,24
Sierra Nevada Brewing Co.,52,44,17,57,3,21,83,13,31,0,6,141,21,20,55,259,44,27,25,67,6,31,31,26,1,3,0,4,56,14,24,156,66,0,23,8,10,98,40,20,37,5,20,48,113,5,27,57,87,21,15
Choc Beer Co. / Pete's Place,6,5,0,12,3,2,8,1,10,0,1,23,8,0,23,18,13,1,98,14,14,3,9,11,0,1,0,0,45,5,2,21,12,0,6,10,2,30,8,13,1,0,0,9,13,4,12,30,1,0,1
Deep Ellum Brewing Company,0,0,0,0,0,0,0,0,1,0,0,1,0,0,0,0,0,1,1,0,0,0,0,0,0,0,0,0,33,0,0,0,1,0,0,0,0,3,0,0,0,0,0,1,3,0,1,1,0,1,0
Surly Brewing Company,38,31,2,33,2,10,29,8,17,0,2,61,17,3,25,87,15,17,3,47,0,4,3,9,3,12,0,0,13,4,13,78,29,0,5,0,7,131,49,25,7,7,2,27,42,0,14,250,22,1,4
Anchor Brewing Company,30,12,5,25,0,8,41,3,17,0,3,69,9,4,21,112,14,14,11,30,4,10,14,19,0,0,0,3,34,15,9,76,9,0,5,4,0,50,21,7,14,1,14,25,48,0,16,25,27,8,3
Spring House Brewing Company,4,4,0,5,0,1,5,0,4,0,0,4,0,0,1,11,3,5,2,4,1,3,0,3,0,2,0,0,5,1,2,111,3,0,0,0,0,13,3,0,1,0,2,6,3,0,1,9,0,1,0
Gordon Biersch Brewery Restaurant,11,6,3,42,0,0,18,2,37,0,2,27,2,9,13,180,30,11,5,47,6,2,8,20,0,1,0,12,39,16,4,59,68,0,15,2,1,39,1,1,35,0,2,32,20,1,19,6,2,0,0
Two Roads Brewing Company,0,0,0,0,0,0,3,0,0,0,0,1,1,0,0,0,0,42,0,0,0,0,0,0,0,0,0,0,0,0,0,1,2,0,0,0,0,0,0,0,0,0,0,0,7,0,0,0,0,0,0
Three Floyds Brewing Co. &amp; Brewpub,53,89,12,77,1,13,53,2,65,0,3,130,9,8,39,192,46,32,8,227,1,21,129,11,0,17,0,2,37,5,19,164,71,0,8,3,4,877,364,23,20,7,8,51,85,2,42,93,95,4,8
Cape Ann Brewing Company,2,7,1,5,0,23,32,0,3,0,0,65,19,0,4,7,7,17,0,8,3,1,0,4,0,2,0,0,7,2,0,41,22,0,1,0,2,13,1,1,4,0,13,23,133,1,2,5,4,0,0
Prairie Artisan Ales,0,0,1,2,0,2,0,0,0,0,0,3,0,0,2,17,4,0,16,0,0,0,8,1,0,0,0,0,5,2,3,7,0,0,0,0,2,0,2,0,0,0,7,1,9,0,0,0,0,0,0
El Toro Brewing Co.,9,10,0,1,0,1,5,0,8,0,2,4,2,1,1,73,5,3,0,4,0,5,4,17,0,0,0,2,3,0,1,19,1,1,0,0,0,4,1,4,5,0,1,0,2,1,1,3,2,0,0
Twisted Pine Brewing Company,3,3,0,36,0,0,7,4,9,0,5,8,2,2,66,14,5,3,2,10,4,2,1,3,0,0,0,0,36,13,0,28,7,0,1,0,4,18,0,5,1,0,0,2,6,0,24,4,0,1,1
Weeping Radish Eco Farm &amp; Brewery,0,0,0,0,0,0,4,0,9,0,0,1,0,0,0,2,4,0,0,2,0,3,0,0,0,0,0,0,0,0,0,12,14,0,0,0,0,0,0,0,0,0,1,3,4,0,1,2,1,0,0
Great River Brewery,3,7,0,3,0,0,2,0,5,0,9,4,2,0,4,8,2,0,0,4,0,2,0,1,1,0,0,0,2,2,1,9,3,1,0,0,0,48,7,34,1,3,0,2,6,0,5,51,1,0,0
Magic Hat Brewing Company,4,13,18,88,0,28,85,4,65,0,2,140,23,3,36,31,25,36,4,73,9,40,20,8,0,4,0,0,39,10,13,189,29,1,17,2,18,58,18,6,13,0,29,51,143,1,26,32,45,5,7
Bullfrog Brewery,1,0,0,3,0,1,7,0,1,0,0,8,1,0,2,7,2,1,0,4,0,2,1,6,0,1,0,0,1,0,0,67,6,0,0,0,1,7,0,0,1,0,0,5,4,1,0,2,0,0,0
Dogfish Head Brewery,88,22,18,158,2,39,189,3,82,0,5,306,20,19,64,296,83,97,11,162,3,43,62,28,0,39,0,2,126,11,13,426,124,0,24,4,16,155,68,5,45,9,41,149,215,5,24,35,128,23,16
Jolly Pumpkin Artisan Ales,23,20,3,39,0,13,46,2,30,0,2,109,7,7,52,178,23,16,34,93,1,15,33,18,0,10,0,2,38,14,20,163,29,0,5,1,5,139,39,9,9,3,22,46,54,1,23,49,96,3,3
Pretty Things Beer &amp; Ale Project,25,5,0,14,0,35,40,1,11,0,0,115,30,1,9,132,8,31,3,33,0,14,10,7,0,8,0,1,7,6,5,116,18,0,9,0,2,49,20,4,11,3,36,21,349,3,4,10,5,1,5
Moon River Brewing Company,0,1,1,4,0,0,2,0,2,0,0,5,0,0,1,1,13,0,0,1,1,3,0,0,0,0,0,0,0,0,0,2,0,0,0,0,0,2,1,0,0,0,0,3,5,0,0,1,0,0,1
Santa Fe Brewing Company,8,13,0,15,1,2,7,18,8,0,3,15,3,5,108,32,11,5,39,16,4,8,4,11,0,1,0,0,126,8,8,25,12,0,1,0,4,24,3,2,12,2,3,8,14,3,17,7,4,2,5
Karbach Brewing Co.,3,0,0,1,0,1,3,0,4,0,0,3,0,0,5,5,1,0,0,2,0,0,0,3,0,1,0,0,68,4,2,12,6,0,0,0,0,9,3,0,0,1,0,0,4,0,0,1,2,0,0
Snake River Brewing Company &amp; Brewpub,7,13,3,5,4,2,12,1,5,0,4,27,1,2,26,18,2,5,11,23,2,2,5,2,0,2,0,2,12,1,3,19,11,0,1,0,0,21,2,6,1,14,1,7,18,4,5,28,4,3,0
Short's Brewing Company,31,58,0,67,0,18,37,0,39,0,0,139,22,1,139,219,40,75,9,210,0,50,17,16,0,35,0,0,53,6,20,231,92,1,6,1,10,301,138,6,23,12,20,84,184,2,23,75,951,7,0
Long Trail Brewing Co.,12,7,6,7,0,85,162,0,19,0,2,228,36,0,15,27,11,100,1,20,1,6,1,2,0,10,0,1,8,1,6,253,68,0,0,0,38,21,16,0,5,0,55,44,196,1,3,7,9,7,2
Eel River Brewing Co.,28,13,5,31,0,10,21,2,12,0,0,41,5,7,18,129,6,9,9,33,1,8,4,17,0,0,0,0,15,17,1,29,6,0,2,0,1,27,13,9,12,1,4,4,18,0,2,30,2,4,5
Heiner Brau,0,0,0,3,0,0,0,0,0,0,0,2,1,0,0,3,3,0,0,1,0,1,2,2,0,0,0,0,6,29,1,3,0,0,1,0,1,6,0,1,2,1,0,0,2,0,0,0,0,0,9
Odell Brewing Company,26,17,0,22,14,5,19,13,27,0,30,41,7,9,295,96,7,16,32,26,29,14,6,13,3,9,0,0,39,8,5,55,40,1,13,3,6,98,13,10,80,35,1,18,39,8,74,210,15,7,0
(512) Brewing Company,6,2,0,3,0,2,2,0,5,0,0,5,0,0,0,23,0,1,2,10,0,2,0,2,0,1,0,0,200,0,1,8,5,2,0,1,0,10,0,2,1,1,2,2,10,0,0,2,0,0,0
Indian Wells Brewing Company,2,1,0,1,0,5,2,3,0,0,0,0,0,7,5,75,3,0,2,7,1,2,1,0,0,0,0,0,25,16,0,5,0,0,2,0,0,5,0,1,8,0,0,0,1,0,3,1,2,1,1
Voodoo Brewing Company,8,3,0,14,0,5,56,0,16,0,0,64,2,2,12,37,5,14,2,48,1,1,8,6,0,7,0,0,8,3,3,326,20,0,2,0,3,44,12,2,3,2,3,17,21,2,4,18,16,6,0
Tyranena Brewing Company,20,257,1,17,1,3,29,2,17,0,2,41,9,6,23,79,28,16,11,85,1,18,19,11,0,5,0,0,31,9,5,74,29,2,1,0,2,274,132,34,13,4,4,17,39,8,17,196,15,2,5
Full Sail Brewery &amp; Tasting Room &amp; Pub,137,8,3,35,4,13,74,10,50,0,1,104,12,17,103,177,30,17,17,37,3,15,19,123,0,4,0,0,128,17,14,99,46,4,3,0,7,25,1,11,37,25,0,24,83,28,10,55,8,5,0
Hill Farmstead Brewery,48,18,0,48,0,134,57,2,27,0,0,240,15,4,31,200,13,66,0,36,0,41,3,14,0,20,0,1,15,6,14,331,77,0,1,0,95,225,98,7,8,2,50,98,391,1,14,44,10,0,0
Free State Brewing Co.,3,4,0,2,2,1,3,0,2,0,9,3,0,1,12,21,2,8,13,1,51,1,0,5,0,0,0,0,6,1,0,18,8,0,3,0,0,12,2,2,3,0,0,3,11,0,48,7,1,3,1
Weyerbacher Brewing Co.,22,35,8,84,0,14,199,1,38,0,7,149,7,0,14,52,52,51,3,107,3,37,13,8,0,20,0,0,26,2,8,447,85,1,8,2,5,78,37,7,6,4,33,77,116,1,13,60,24,14,4
Coronado Brewing Company,11,2,3,34,0,6,15,2,20,0,0,13,2,1,7,174,12,12,1,26,0,12,1,5,0,3,0,6,8,1,1,95,11,0,0,0,0,9,6,5,20,2,1,5,13,1,1,8,1,5,0
Foothills Brewing Company,18,8,3,20,0,5,31,0,277,0,0,42,4,1,10,59,41,21,3,31,1,104,10,4,0,10,0,0,16,1,17,75,57,0,5,0,6,56,19,4,4,3,6,24,30,0,12,27,8,3,2
Badger Hill Brewing Company,0,0,0,0,0,0,0,0,0,0,0,0,0,0,0,0,0,0,0,0,0,0,0,0,0,0,0,0,0,0,0,1,0,0,0,0,0,1,0,0,0,0,0,0,0,0,0,10,0,0,0
Jester King Craft Brewery,25,11,0,6,0,5,14,1,11,0,2,22,3,1,8,76,3,6,8,10,0,15,10,0,0,20,0,0,266,9,1,21,10,0,2,1,4,39,17,0,2,1,0,6,21,0,1,8,3,1,9
Big Boss Brewing,5,4,0,12,0,3,14,0,175,0,0,21,2,0,6,15,21,9,0,7,0,28,5,5,0,0,0,0,12,3,5,32,24,0,0,0,0,7,4,4,3,0,1,9,9,1,4,3,0,0,0
Crabtree Brewing Company,0,0,0,0,0,0,1,0,0,0,2,1,0,1,15,4,0,0,1,2,0,0,0,0,0,0,0,0,0,0,0,0,1,0,0,0,1,4,1,0,0,0,0,0,0,0,1,0,0,0,0
Horseheads Brewing Inc.,1,0,0,0,0,1,3,0,5,0,0,42,0,0,4,4,1,4,0,0,0,3,1,0,0,1,0,0,1,0,0,17,0,0,0,0,0,3,1,0,0,0,1,1,4,1,0,2,0,0,0
Flying Monkeys Craft Brewery,2,0,0,1,0,1,1,0,0,0,0,5,0,0,1,4,2,0,0,2,0,1,3,0,0,0,0,0,0,1,0,2,0,0,0,0,0,2,1,0,0,0,0,3,0,0,0,0,1,0,0
Carton Brewing Company,0,0,0,0,0,0,43,0,0,0,0,15,1,0,0,1,1,4,0,0,0,0,0,0,0,0,0,0,0,0,0,3,0,0,0,0,0,0,0,0,0,0,1,0,0,0,0,0,0,0,0
Ellicottville Brewing Co.,1,0,1,3,0,1,20,3,5,0,0,54,0,0,2,1,0,4,1,11,0,1,0,1,0,0,0,0,4,0,0,31,4,0,1,0,0,3,2,4,1,0,2,2,7,0,2,1,1,1,0
McNeill's Brewery,3,0,0,6,1,49,35,0,13,0,0,82,25,0,5,15,4,33,0,8,3,6,4,6,0,0,0,0,7,4,2,45,7,0,0,1,23,12,2,0,4,0,13,9,132,0,5,10,3,0,0
Breckenridge Brewery,6,16,13,38,1,8,44,5,16,0,10,66,11,0,90,30,47,13,10,86,18,7,27,8,0,1,0,0,99,4,8,160,41,0,3,6,9,75,45,18,26,1,16,34,67,0,28,35,46,3,2
Lake Placid Craft Brewing Company,1,2,2,3,0,5,32,1,5,0,1,96,4,0,9,15,8,24,1,8,1,2,1,3,0,1,0,0,9,0,0,42,10,0,1,0,7,2,2,2,2,0,2,4,29,0,3,4,1,0,0
Climax Brewing Company,0,0,0,0,2,0,43,0,2,0,0,18,1,0,0,2,1,2,0,1,0,0,0,1,0,0,0,0,0,0,0,36,5,0,0,0,0,1,1,0,0,0,0,2,0,0,0,0,0,0,0
Philadelphia Brewing Company,5,4,3,5,0,1,86,1,9,0,0,16,1,0,8,17,5,6,1,23,0,10,0,3,0,2,0,0,5,0,1,433,8,0,1,0,5,7,2,4,2,0,3,4,20,1,4,7,4,0,1
Fremont Brewing Company,114,3,0,0,0,1,0,0,5,0,0,7,1,2,2,17,0,1,0,5,0,2,0,5,0,0,0,0,6,2,1,2,5,0,0,0,0,26,6,0,0,3,3,6,6,0,0,11,2,2,0
Yards Brewing Co.,10,6,3,11,0,10,155,0,13,0,0,30,4,1,7,22,6,14,2,11,2,11,7,8,0,15,0,0,9,0,2,434,47,0,1,1,2,19,8,2,2,1,6,39,26,2,2,18,4,7,0
Fiddlehead Brewing Company,0,0,0,0,0,1,0,0,0,0,0,2,1,0,2,0,0,0,0,1,0,0,0,0,0,0,0,0,0,0,0,2,0,0,0,0,4,0,0,0,0,0,0,0,4,0,0,0,0,0,0
Lazy Magnolia Brewing Company,9,8,2,25,0,0,13,0,7,0,1,13,2,2,7,10,22,9,1,6,0,18,6,2,0,0,0,0,27,28,16,17,6,0,19,2,1,15,9,0,2,1,2,3,12,0,4,3,1,0,39
Hair of the Dog Brewing Company / Brewery and Tasting Room,81,18,0,31,2,9,22,1,15,0,3,56,3,2,22,159,14,7,3,47,2,12,4,73,0,4,0,2,14,1,4,77,46,3,6,0,4,93,26,6,16,3,13,19,42,2,11,36,14,5,1
Davidson Brothers Restaurant &amp; Brewery,0,0,0,0,0,5,3,0,0,0,0,24,0,0,2,5,0,4,0,1,0,0,0,0,0,0,0,0,0,0,0,9,0,0,0,0,1,0,2,0,0,0,1,2,6,0,0,0,1,0,0
Keegan Ales,2,2,3,4,1,1,64,0,3,0,0,140,1,0,3,11,4,22,1,4,0,4,0,4,0,0,0,0,2,1,2,32,11,0,1,0,0,13,4,0,2,0,1,4,15,0,0,3,4,2,0
Arbor Brewing Company,4,2,0,7,0,0,4,0,8,0,1,4,7,0,9,7,3,4,0,42,7,0,6,1,0,1,0,0,4,0,2,34,10,1,0,1,0,33,7,4,1,0,1,5,17,0,5,5,180,0,0
High Point Brewing Company,0,4,0,3,4,2,120,0,3,0,0,55,3,0,7,10,2,8,3,12,2,4,1,3,0,0,0,0,5,0,1,71,6,0,0,0,0,5,2,3,3,0,4,3,10,3,2,2,2,0,0
Dry Dock Brewing Co.,3,6,0,2,2,4,0,0,4,0,0,4,0,2,83,20,4,3,2,2,1,2,1,1,0,0,0,0,7,0,1,6,12,0,2,0,2,19,4,0,3,0,0,3,5,0,5,3,1,0,2
Alpine Beer Company,20,6,0,17,1,10,25,2,5,0,0,67,1,9,21,448,13,7,0,40,1,11,9,10,0,4,0,6,18,5,3,86,32,0,1,1,3,107,13,13,19,2,2,25,46,0,5,27,15,4,0
Church Brew Works,2,3,9,3,0,2,4,0,10,0,0,15,0,0,7,6,6,6,0,31,0,6,3,5,0,2,0,0,0,0,0,179,18,0,2,1,0,14,5,4,1,0,1,7,17,2,1,4,4,0,0
Mother's Brewing Company,0,1,0,0,0,0,2,0,2,0,0,0,0,0,0,1,0,0,6,0,5,0,0,0,0,0,0,0,10,0,0,1,0,0,0,0,0,3,0,1,0,0,0,0,0,0,33,3,3,0,0
"Lion Brewery, Inc.",1,4,3,5,1,1,36,0,13,0,0,45,4,0,8,16,10,16,13,42,2,12,16,7,0,2,0,0,9,2,1,224,11,0,0,1,2,8,5,8,3,2,1,12,20,0,15,10,8,1,0
Sea Dog Brewing Company,5,9,3,28,0,19,24,1,26,0,2,31,10,3,8,30,10,18,6,23,1,7,6,4,0,4,0,0,14,3,4,37,22,0,0,0,4,20,18,9,5,0,33,24,44,0,10,7,8,1,2
Two Brothers Brewing Company,15,38,9,16,0,6,41,0,14,0,3,135,14,3,41,52,16,16,4,145,1,18,21,7,1,3,0,0,30,8,16,97,18,3,0,5,0,714,105,40,4,3,2,15,40,2,23,129,34,4,1
"Shipwrecked Brew Pub, Restaurant and Inn",0,11,0,1,0,0,1,0,0,0,0,0,0,0,0,0,0,0,0,0,0,0,0,0,0,0,0,0,0,0,0,0,0,0,0,0,0,6,0,0,0,0,0,0,0,0,0,2,1,0,0
Ballast Point Brewing Company,10,7,1,29,0,10,48,1,34,0,2,80,9,10,21,406,17,24,1,62,0,32,5,9,0,7,0,2,43,3,6,143,32,0,3,1,12,43,14,8,24,0,3,14,62,1,5,11,15,4,2
Boneyard Beer Company,40,1,0,3,0,0,0,0,0,0,0,3,0,1,0,13,2,0,0,4,0,0,0,32,0,0,0,0,1,1,1,4,3,0,0,0,0,5,0,0,0,0,0,2,1,0,0,2,1,1,0
Mammoth Brewing Company,7,0,0,1,0,5,0,0,2,0,0,5,0,4,3,105,3,1,0,2,1,3,0,4,0,0,0,1,4,0,0,5,1,0,0,0,0,3,0,4,2,1,2,1,8,0,1,2,0,3,0
Stillwater Artisanal Ales,23,16,0,26,0,9,15,0,20,0,1,74,2,0,4,87,22,24,9,15,3,25,13,14,0,13,0,0,26,8,8,135,47,0,13,0,7,41,2,7,14,0,35,66,20,0,17,16,7,2,1
New Belgium Brewing,51,56,3,21,3,1,42,12,54,0,11,41,7,21,112,172,45,9,25,36,26,38,18,46,0,3,0,0,96,20,30,55,47,0,7,13,2,125,54,25,21,9,2,58,26,1,44,98,105,14,3
Societe Brewing Co.,0,0,0,1,0,0,0,0,0,0,0,0,0,2,1,32,0,0,0,0,0,0,0,0,0,0,0,0,1,0,0,1,1,0,1,0,0,4,0,0,0,0,0,0,1,0,0,1,1,0,0
Rogue Ales,140,86,26,139,9,59,193,8,126,1,13,238,37,32,91,373,108,57,38,208,21,90,76,109,1,15,0,14,156,32,51,406,126,7,43,14,24,129,78,55,44,22,52,97,173,7,55,110,82,26,26
Upright Brewing Company,62,7,0,10,0,3,7,0,6,0,0,28,4,1,7,108,5,9,1,14,0,7,0,112,0,2,0,1,17,2,4,38,14,0,0,0,0,65,8,8,14,6,0,15,11,1,2,16,3,1,1
Beer Works,1,0,0,0,0,8,5,1,3,0,0,10,3,0,4,15,1,10,0,8,0,2,0,2,0,0,0,0,1,0,0,2,10,1,1,0,4,3,0,0,2,2,5,0,86,0,5,1,1,0,0
Beer Valley Brewing Co.,24,1,0,4,1,3,6,0,3,0,0,7,0,8,6,69,5,3,1,1,1,2,0,8,0,0,0,0,1,1,0,21,5,2,1,0,0,4,1,4,6,6,0,1,5,2,5,3,0,0,0
Tommyknocker Brewery,4,30,4,43,0,2,55,0,42,0,10,34,1,5,98,20,42,14,6,72,10,17,8,0,2,4,0,0,39,3,8,127,44,0,31,2,2,50,1,26,6,3,2,26,28,1,37,53,48,1,10
Cathedral Square Brewery,0,0,0,0,0,0,0,0,0,0,0,1,0,0,0,0,1,0,0,0,1,0,0,0,0,0,0,0,0,0,1,1,0,0,0,0,0,4,0,0,0,0,0,0,1,0,9,0,0,0,0
Hinterland Brewery Restaurant,4,66,0,4,0,13,8,0,7,0,0,3,0,0,0,5,0,2,0,18,1,0,0,2,0,0,0,0,0,0,0,8,5,0,0,0,0,53,2,8,0,0,1,0,14,0,2,35,1,0,0
Sierra Blanca Brewing Company (Rio Grande),1,0,0,0,0,0,1,2,0,0,0,3,0,0,7,4,0,1,2,2,1,0,0,0,0,0,0,0,10,2,0,2,1,0,0,0,1,0,0,0,5,0,0,2,2,0,1,0,1,0,0
Anchorage Brewing Company,20,7,1,7,0,5,26,0,9,0,0,28,2,3,20,74,12,6,2,13,3,7,8,13,0,0,0,1,5,2,1,37,5,2,3,0,5,34,15,6,0,0,8,7,13,0,7,11,2,1,3
Alameda Brewhouse,31,2,0,1,1,1,0,1,4,0,0,3,0,0,0,10,3,1,1,3,0,1,0,38,0,0,0,0,0,2,0,7,1,0,0,0,0,4,1,1,1,1,0,4,5,1,0,2,1,1,0
Pelican Pub &amp; Brewery,60,4,0,14,0,5,14,0,13,0,0,10,1,0,6,60,8,3,1,18,0,8,3,67,0,5,0,1,3,2,0,16,10,0,1,0,1,34,4,4,6,4,0,6,13,4,7,6,6,1,0
Fulton Beer,1,2,0,0,0,1,0,0,3,0,0,1,0,2,1,4,1,1,0,1,0,0,0,1,0,0,0,0,0,0,0,5,1,0,1,0,0,7,1,1,0,1,0,2,0,0,5,98,1,0,0
Summit Brewing Company,6,71,1,20,1,3,34,8,4,2,13,10,4,4,19,20,8,6,9,25,11,2,15,6,1,1,0,0,62,1,2,103,14,0,3,0,1,121,14,51,5,6,2,5,12,0,36,417,21,7,1
Rivertown Brewing Co.,2,1,0,2,0,0,0,2,1,0,0,9,1,0,2,8,3,2,0,136,0,6,34,1,0,0,0,0,1,0,7,7,8,0,0,0,0,13,19,0,0,0,0,4,7,0,2,4,4,0,0
Victory Brewing Company,38,31,19,102,2,29,189,2,65,0,2,219,26,3,44,124,78,52,5,114,4,46,23,16,0,37,0,0,52,8,31,768,111,4,13,2,14,116,50,1,8,6,48,104,151,1,11,51,56,24,3
Logsdon Farmhouse Ales,27,0,0,6,0,1,4,0,4,0,0,12,0,0,2,75,2,2,1,1,0,1,0,24,0,2,0,0,2,1,2,3,5,0,0,0,0,21,5,0,1,0,0,4,8,0,3,5,2,0,0
Shipyard Brewing Co.,19,8,6,131,0,62,55,0,33,0,3,105,29,4,39,137,41,65,11,51,4,18,9,8,0,3,0,0,16,13,10,127,34,1,6,2,15,53,18,22,22,4,94,33,182,4,27,22,14,2,2
Double Mountain Brewery &amp; Taproom,30,5,0,1,0,0,0,0,1,0,0,0,0,0,0,12,1,1,0,0,0,2,0,46,0,0,0,0,1,0,0,12,0,1,0,0,0,1,0,0,0,1,0,2,1,0,0,0,1,1,0
Williamsburg AleWerks,9,15,5,17,0,7,27,0,37,0,0,33,5,1,10,39,14,10,0,29,3,28,5,8,0,5,0,0,12,4,10,141,264,0,11,0,1,43,10,2,5,1,2,36,13,2,4,10,3,0,3
Olde Hickory Brewery,24,12,2,19,0,3,21,1,189,0,0,33,0,0,3,37,28,10,5,23,0,35,11,7,0,10,0,0,9,2,11,38,28,0,2,0,6,56,14,3,2,4,6,9,35,0,5,23,6,2,1
Allagash Brewing Company,37,11,2,34,0,48,86,0,39,0,0,107,18,3,11,173,38,41,5,33,0,31,13,12,0,12,0,1,36,1,10,135,68,1,3,2,11,86,13,4,10,2,67,51,162,6,6,29,23,1,4
Right Brain Brewery,0,0,0,0,0,0,0,0,0,0,0,0,0,0,0,0,0,0,0,1,0,0,0,0,0,0,0,0,0,0,0,2,0,0,0,0,0,0,0,0,0,0,1,0,0,0,0,0,10,0,0
McKenzie Brew House,0,0,0,1,0,0,1,0,0,0,0,3,1,1,0,10,2,2,0,2,0,0,0,1,0,1,0,0,2,0,0,9,1,0,0,0,0,4,0,0,0,0,0,3,1,0,0,0,0,0,0
Rust Belt Brewing Company,0,0,0,0,0,0,0,0,4,0,0,1,0,0,0,2,0,0,0,19,0,5,0,0,0,0,0,0,0,0,1,21,1,0,0,0,0,0,3,2,0,0,0,0,1,0,0,0,3,0,0
Lonerider Brewing,3,1,0,2,0,0,6,0,80,0,0,13,1,1,5,5,11,2,0,0,0,10,0,4,0,1,0,0,1,0,2,11,8,0,0,0,0,2,0,1,0,0,1,4,0,0,2,4,1,0,0
Ranger Creek Brewing &amp; Distilling,1,1,0,0,0,0,0,0,1,0,0,2,0,0,1,5,0,0,0,2,0,1,0,0,0,1,0,0,37,2,0,0,1,0,0,0,1,3,0,0,0,0,0,0,3,0,0,1,1,0,0
Cavalry Brewing,0,0,0,2,1,0,3,0,0,0,0,4,1,0,0,1,0,21,0,2,0,0,0,0,0,0,0,0,0,0,0,0,0,0,0,0,0,1,0,0,0,0,0,0,5,0,0,0,0,0,0
Howe Sound Inn &amp; Brewing Company,22,4,0,0,0,0,0,0,2,0,0,2,0,0,0,11,5,0,0,0,0,0,2,1,0,0,0,0,1,1,0,4,0,0,0,0,0,10,0,0,0,1,0,0,1,0,1,3,0,0,0
Hangar 24 Brewery,4,3,0,0,0,3,3,0,1,0,0,4,0,3,3,187,4,0,0,5,0,0,0,0,0,2,0,0,6,0,1,7,6,0,0,0,1,16,5,2,1,0,2,2,1,0,1,4,2,5,0
Legend Brewing Co.,4,3,1,9,1,3,14,0,37,0,0,12,7,0,10,16,4,8,0,12,4,12,3,5,0,3,0,0,5,0,1,61,259,0,1,0,0,11,2,3,5,0,1,14,23,1,1,3,0,3,1
Mayflower Brewing Company,3,6,0,4,1,33,7,0,11,0,0,30,40,1,13,12,5,22,1,5,0,7,0,7,0,2,0,0,5,0,2,30,3,0,2,0,1,18,6,1,9,2,11,5,333,7,5,5,3,1,1
Yazoo Brewing Company,7,6,2,10,0,11,11,7,11,0,2,16,2,1,4,14,25,12,5,20,0,9,25,5,0,3,0,0,22,9,104,22,13,0,21,2,1,36,21,1,5,0,1,6,15,3,13,12,4,0,11
Finch's Beer Co.,2,10,0,1,0,0,5,0,6,0,0,8,2,1,0,1,10,6,0,16,0,1,9,0,0,0,0,0,1,0,2,27,4,0,0,1,0,77,10,2,0,0,0,1,10,0,2,4,9,0,0
Yuengling Brewery ,7,6,12,34,1,2,41,0,30,0,1,51,5,0,13,17,23,7,2,87,0,14,4,8,0,1,0,0,9,4,19,201,40,0,12,1,3,18,8,4,2,0,4,39,21,1,5,15,17,6,3
Mac and Jack's Brewery,37,0,0,0,0,1,2,0,1,0,0,4,0,0,3,6,1,1,1,2,0,1,1,9,0,0,0,0,4,0,0,7,2,0,0,0,0,3,0,0,0,3,0,1,1,0,0,3,0,1,0
Greenbush Brewing Company,2,4,0,3,0,1,0,0,0,0,0,2,0,0,1,3,0,0,0,2,0,0,1,0,0,1,0,0,0,0,0,2,2,0,0,0,0,27,7,0,0,0,0,0,0,0,0,1,58,0,0
Sixpoint,19,28,8,21,2,14,81,2,20,2,0,157,15,2,10,25,9,52,6,58,0,3,34,4,0,5,0,1,37,2,4,119,42,0,5,0,12,85,38,3,1,2,24,35,70,2,5,12,22,9,4
SanTan Brewing Co.,3,3,0,2,0,1,4,5,4,0,2,4,0,3,2,9,0,1,0,3,0,0,0,3,0,1,0,0,0,0,0,12,0,0,1,0,0,3,2,1,35,0,0,3,9,0,2,2,3,0,0
FiftyFifty Brewing Co.,0,0,0,1,0,0,0,0,0,0,0,1,0,2,0,21,0,0,0,0,0,0,0,1,0,0,0,0,0,0,0,4,0,0,0,0,0,0,0,0,0,0,0,2,0,0,0,0,0,0,0
Backlash Beer Company,0,0,0,0,0,2,0,0,2,0,0,1,1,0,0,2,0,1,0,0,0,0,0,0,0,0,0,0,0,0,0,0,1,0,0,0,0,1,0,0,0,0,2,1,30,0,0,0,0,0,0
Empyrean Brewing Company,1,8,0,4,1,3,6,1,4,0,50,4,1,0,19,13,5,6,9,11,11,3,5,0,0,0,0,1,15,0,4,16,4,0,0,1,1,14,2,26,3,1,0,3,10,3,16,29,2,0,0
Cape Cod Beer,0,0,0,0,0,1,4,0,1,0,0,7,3,0,7,2,1,8,0,0,0,1,0,0,0,0,0,1,0,0,0,3,0,0,0,0,0,0,0,0,0,0,2,1,41,0,0,0,1,0,0
Central Waters Brewing Company,27,280,2,14,3,6,32,2,13,1,2,42,5,5,22,77,7,24,3,45,0,14,2,14,0,7,0,3,21,5,4,145,31,0,2,0,0,293,24,14,7,5,2,6,34,5,14,172,16,3,3
Buckeye Brewing Company,1,5,2,4,0,2,4,0,5,0,0,14,2,0,3,9,2,2,0,75,0,5,6,1,0,0,0,1,8,1,1,32,8,1,0,0,1,13,5,2,1,0,2,3,10,2,1,1,5,0,0
Black Diamond Brewing Co.,11,1,0,5,0,7,3,0,3,0,0,5,1,1,4,64,1,0,0,11,0,0,1,8,0,3,0,0,0,0,0,5,3,0,1,0,3,2,1,1,2,0,1,8,4,1,0,3,1,0,0
Cold Spring Brewing Co.,4,6,0,2,0,2,3,0,2,1,0,6,1,1,2,25,1,0,1,2,1,0,0,1,0,0,0,0,0,0,0,10,0,0,0,0,0,9,1,4,0,0,0,1,9,0,1,19,11,0,0
Iron Hill Brewery &amp; Restaurant,1,3,1,6,0,6,45,0,7,0,0,18,0,0,11,17,5,9,0,7,0,4,0,2,0,16,0,3,7,0,1,194,10,0,0,0,0,14,1,1,10,6,5,6,13,0,0,3,3,0,0
Milwaukee Ale House,2,22,0,1,0,0,2,0,1,0,0,0,0,0,1,1,1,1,0,0,0,1,0,0,0,0,0,0,1,0,0,0,0,0,0,0,0,9,1,2,1,0,0,0,2,1,1,1,1,0,0
Boundary Bay Brewery &amp; Bistro,53,1,0,1,0,1,2,0,5,0,0,1,1,1,1,4,2,2,0,3,0,1,0,12,0,0,0,0,4,1,0,3,3,0,0,0,0,5,0,0,2,0,1,0,5,0,2,0,2,0,0
Iron Horse Brewery,31,0,0,0,1,0,1,0,1,0,0,3,0,1,0,0,0,0,0,2,0,0,0,7,0,0,0,0,0,0,0,1,1,0,0,0,0,4,0,0,1,0,0,1,1,0,0,3,0,1,0
Dixie Brewing Co.,4,11,2,9,0,2,9,1,7,0,0,16,1,0,15,15,5,2,5,14,1,5,2,4,0,2,0,0,10,9,1,19,4,0,3,0,2,10,5,3,6,0,2,2,8,0,14,2,8,1,2
Austin Beerworks,5,0,0,0,0,0,2,3,3,0,0,4,0,0,1,9,0,1,2,2,0,1,0,0,0,1,0,0,67,2,0,3,2,0,0,0,0,3,0,0,0,0,0,0,10,0,0,1,1,0,0
Dark Horse Brewing Company,22,65,6,25,0,27,33,2,68,0,0,89,11,1,29,74,20,28,5,121,2,14,56,5,0,6,0,0,24,2,10,169,41,0,0,2,2,186,102,18,5,4,8,26,141,2,10,90,217,1,0
Green Flash Brewing Co.,26,19,5,55,1,19,49,3,38,0,9,99,9,7,39,269,43,38,17,42,4,22,23,18,0,3,0,0,48,22,11,113,63,0,15,7,14,56,15,27,29,4,19,26,63,1,18,27,26,7,10
Iron Springs Pub &amp; Brewery,0,0,0,0,0,1,0,0,0,0,0,0,1,1,0,25,2,1,0,1,0,0,0,2,0,0,0,0,2,0,0,5,0,0,0,0,0,1,1,0,0,0,1,0,2,0,0,0,0,0,0
Almanac Beer Co.,0,0,0,1,0,0,0,0,0,0,0,3,0,0,0,10,0,0,0,0,0,0,0,1,0,0,0,0,2,0,0,0,0,0,0,0,0,0,0,0,0,0,0,0,0,0,0,0,0,0,0
Diamond Bear Brewing Company,4,7,1,4,0,1,9,4,4,0,2,12,6,0,4,7,12,3,7,6,1,2,3,6,0,2,0,0,9,6,4,15,6,0,4,15,0,16,4,2,3,0,1,2,6,1,3,7,0,1,11
Toppling Goliath Brewing Company,0,7,0,0,0,0,0,0,0,0,0,0,0,0,0,2,0,0,0,0,0,0,0,1,0,0,0,0,0,0,0,0,0,0,0,0,0,6,2,11,0,0,0,0,0,0,0,14,0,0,0
Pike Pub &amp; Brewery,128,6,1,49,1,12,23,1,35,0,0,24,3,7,10,58,23,7,4,14,8,8,3,44,0,3,0,0,71,15,1,40,37,3,4,1,8,25,2,6,6,8,1,9,38,4,3,11,6,1,1
10 Barrel Brewing Co.,18,0,0,1,0,1,0,1,3,0,0,2,0,0,0,9,1,1,0,0,0,1,0,34,0,2,0,0,1,0,1,0,0,0,0,0,4,3,0,2,0,7,0,1,1,0,0,1,1,1,1
Good People Brewing Company,5,0,0,4,0,6,1,0,10,0,0,2,1,0,2,4,11,4,0,3,0,2,6,3,0,1,0,0,2,3,8,11,4,0,87,0,1,16,6,0,1,0,0,7,9,0,2,7,1,3,4
Four Peaks Brewing Company,9,1,0,14,2,1,8,3,2,0,4,9,1,3,7,44,8,0,3,7,0,1,1,8,0,1,0,0,12,0,2,26,6,0,3,2,1,6,1,4,88,0,1,5,17,0,1,4,10,1,0
Harmon Restaurant &amp; Brewery,23,0,0,0,0,1,0,0,1,0,0,1,0,1,0,1,1,0,0,1,0,0,0,7,0,0,0,0,0,1,0,1,1,0,0,0,0,0,0,0,0,0,0,2,1,0,0,0,0,0,0
Tallgrass Brewing Company,6,30,2,5,0,1,15,1,11,0,10,13,4,1,23,10,6,4,24,25,32,4,3,10,0,1,0,0,11,4,5,60,24,0,12,3,2,44,10,15,6,1,0,12,24,0,33,120,1,5,11
Pisgah Brewing Co.,8,6,0,30,4,10,10,0,93,0,1,17,5,0,5,28,35,6,6,24,2,40,8,9,0,0,0,0,9,3,8,53,32,1,2,0,1,29,7,4,3,2,2,10,22,3,7,12,2,0,1
Blue Point Brewing Company,8,2,3,85,6,15,100,1,57,0,0,353,18,0,5,29,31,82,6,19,2,17,5,4,0,3,0,0,10,2,2,167,36,0,4,0,12,22,10,1,3,1,2,25,38,1,6,11,34,3,1
Firestone Walker Brewing Co.,50,9,4,13,0,6,53,6,10,0,0,71,8,13,52,258,12,15,7,22,1,4,11,28,0,6,0,2,28,1,4,94,20,0,6,0,9,79,10,2,28,6,6,20,51,1,13,19,7,8,1
Indeed Brewing Company,2,1,0,1,0,0,0,0,2,1,0,2,0,0,2,1,0,0,0,2,0,0,0,0,0,1,0,0,0,0,0,2,2,0,0,0,0,5,1,1,0,2,0,0,0,0,2,58,0,0,0
Durango Brewing,0,0,0,0,0,0,0,1,0,0,0,0,1,0,8,2,0,0,1,0,1,0,0,0,0,0,0,0,3,0,0,2,0,0,0,0,0,4,0,0,0,0,0,0,0,0,1,0,0,0,1
Bear Republic Brewing Co.,40,12,8,38,0,5,47,1,26,0,0,115,8,9,36,263,15,14,3,46,5,17,7,23,0,3,0,1,40,6,3,148,37,0,6,0,5,47,8,0,9,1,1,19,87,1,13,16,27,7,3
Appalachian Brewing Company,2,2,4,10,0,7,52,0,15,0,0,42,2,1,2,9,7,10,2,17,1,9,8,1,0,0,0,1,10,3,6,387,19,0,0,0,1,8,12,3,6,0,7,35,16,0,6,2,4,3,0
Gritty McDuff's Brewing Company,6,3,0,19,0,48,58,1,17,0,0,55,21,0,11,10,15,47,1,7,0,0,4,3,0,4,0,0,5,2,4,81,2,2,0,0,10,5,2,4,2,0,87,23,195,1,1,3,2,0,0
Ass Kisser Ales,2,1,0,6,0,4,7,0,4,0,0,0,1,0,5,20,5,6,0,4,3,0,5,2,0,1,0,0,16,1,1,8,6,0,1,0,2,17,1,2,2,0,0,3,18,0,1,4,3,0,0
Carolina Brewing Company,2,1,1,3,0,2,6,0,88,0,1,7,0,1,4,2,11,6,0,8,0,1,1,3,0,1,0,0,7,0,2,23,12,0,0,0,0,5,0,0,1,0,0,6,6,0,1,3,0,0,0
DC Brau Brewing Co.,4,4,0,4,0,1,8,1,5,0,0,18,1,0,4,17,4,1,1,6,0,5,0,4,0,2,0,0,1,0,0,26,56,0,2,1,1,16,2,0,0,5,2,38,14,0,0,3,2,1,0
Perennial Artisan Ales,10,5,0,9,0,0,5,0,1,0,0,13,0,0,2,14,3,4,1,1,2,0,2,0,0,0,0,0,10,0,6,16,2,0,2,0,0,73,7,2,0,0,0,0,10,0,52,4,0,0,0
Ghost River Brewing,0,0,0,0,0,0,1,0,0,0,0,1,1,0,0,0,0,0,1,0,0,0,0,0,0,0,0,0,0,0,4,0,1,0,0,2,0,3,0,0,0,0,0,0,1,0,3,1,0,0,2
Avery Brewing Company,75,32,10,58,1,12,90,4,37,2,5,108,5,8,224,191,60,23,17,94,15,30,36,15,0,3,0,3,134,7,8,204,92,5,17,4,7,130,36,11,10,4,2,28,112,2,36,72,75,26,3
Marble Brewery,2,3,1,1,0,0,5,24,2,0,0,7,0,2,39,16,4,4,3,3,0,1,1,1,0,0,0,0,16,4,13,16,5,0,1,0,1,20,0,1,16,1,3,4,6,0,1,6,0,0,0
Marin Brewing Company,13,2,0,13,0,8,10,1,12,0,1,8,2,8,16,390,14,10,5,11,1,4,5,22,0,0,0,2,10,4,1,45,4,1,5,0,1,18,4,15,38,2,0,9,20,2,4,11,8,0,1
Flying Bison Brewing Company,0,1,2,0,0,0,6,2,6,0,1,40,1,0,2,0,4,3,0,4,0,0,0,1,0,0,0,0,1,0,0,27,2,0,0,0,0,7,2,1,0,0,1,1,7,0,1,1,0,3,0
Drake's Brewing Co.,15,4,0,12,1,9,9,0,9,0,1,17,6,10,1,440,7,2,2,9,4,5,4,11,0,1,0,1,18,0,4,31,3,0,4,0,0,38,10,9,6,0,4,10,17,1,3,14,2,1,0
Lumberyard Brewing Company,1,0,0,1,0,0,1,2,0,0,0,1,0,1,1,2,0,0,0,1,0,0,0,0,0,0,0,0,0,0,0,4,0,0,0,0,0,0,0,2,15,0,0,1,1,0,0,1,0,0,0
Flying Fish Brewing Company,4,3,3,42,0,8,232,0,38,0,1,61,7,6,10,62,30,17,2,16,1,24,2,5,0,7,0,0,7,1,1,308,47,2,2,2,4,29,4,6,23,0,4,51,23,2,3,13,7,0,0
Funkwerks,2,0,0,1,0,1,0,1,2,0,2,1,1,0,55,16,2,1,2,7,0,2,1,1,0,0,0,0,2,2,1,8,3,0,2,0,2,6,0,0,3,0,0,6,1,0,4,0,0,0,3
Furthermore Beer,4,101,0,4,0,1,8,0,9,0,0,14,2,1,7,11,7,4,1,18,0,5,0,4,0,1,0,0,10,0,7,132,15,0,0,2,0,68,4,13,2,1,3,6,7,3,6,115,7,0,1
Sound Brewery,8,0,0,0,0,0,0,0,0,0,0,1,0,0,1,1,0,0,0,0,0,0,0,0,0,0,0,0,1,0,0,0,1,0,0,0,0,1,1,0,0,0,0,0,0,0,0,0,1,0,0
No Label Brewing Company,0,0,0,0,0,0,0,0,0,0,0,0,0,0,0,1,0,0,0,0,0,0,0,0,0,0,0,0,28,0,0,0,0,0,0,0,0,1,0,0,0,1,0,0,1,0,0,0,0,0,0
Mystic Brewery,1,1,0,0,0,12,1,0,0,0,0,6,5,0,1,3,0,1,0,0,0,0,0,0,0,1,0,0,3,0,1,0,1,0,0,0,0,4,0,0,0,0,4,2,79,0,0,0,0,0,0
Uinta Brewing Company,34,12,7,16,2,20,93,10,74,0,2,84,14,12,110,184,66,33,13,53,3,17,12,33,0,7,0,2,20,1,10,157,53,0,8,2,3,95,6,15,38,15,20,50,129,20,18,19,9,9,5
Lake Louie Brewery Company,11,190,0,7,2,3,9,0,5,0,2,13,4,0,9,17,6,5,3,22,1,7,18,9,0,0,0,0,6,0,8,41,16,2,7,5,0,74,2,18,4,0,1,2,17,2,7,46,2,0,0
Diamond Knot Brewery,48,3,0,16,0,1,10,0,11,0,0,5,0,3,3,17,10,0,0,5,0,8,2,18,0,2,0,0,2,2,0,12,8,0,1,0,0,5,0,0,2,2,0,4,4,2,0,3,0,0,0
Millstream Brewing Company,10,33,1,2,0,5,9,1,22,0,7,13,7,5,14,21,10,8,0,14,7,0,2,4,0,2,0,0,17,0,2,22,6,2,2,0,0,62,14,85,5,0,3,4,6,3,16,55,6,0,0
Flat 12 Bierwerks,0,0,0,0,0,0,0,0,2,0,0,0,0,0,0,0,1,0,1,3,0,0,0,0,0,0,0,0,0,1,1,2,1,0,0,0,0,10,40,0,0,0,0,0,1,0,1,0,1,0,1
Uncommon Brewers,5,0,0,1,0,0,13,1,1,0,0,8,1,0,2,51,1,2,0,7,0,1,0,9,0,0,0,0,1,0,0,23,7,0,2,0,0,16,2,1,1,0,1,1,26,0,2,3,1,0,0
Smuttynose Brewing Company,26,26,4,79,0,101,85,0,63,0,1,203,31,0,24,69,63,66,4,118,3,41,30,11,0,6,0,1,32,3,23,207,108,5,6,2,9,158,28,18,12,5,70,65,205,1,11,35,28,6,2
Wild Heaven Craft Beers,0,0,0,2,0,0,1,0,7,0,0,2,0,0,2,4,74,0,0,2,0,1,0,2,0,0,0,0,3,0,9,2,3,0,3,0,0,3,1,0,2,0,0,2,6,0,2,3,1,0,1
Revolution Brewing Company,5,13,0,3,0,1,3,1,5,0,0,10,3,3,3,14,2,7,0,33,1,0,10,0,0,5,0,0,8,0,1,10,8,0,2,0,0,353,11,4,0,0,1,3,6,0,5,7,7,0,0
Crown Valley Brewing &amp; Distilling Co.,0,1,0,0,0,0,1,0,0,0,0,0,1,0,0,2,2,0,1,0,4,0,0,0,0,0,0,0,3,1,0,3,1,0,0,2,0,20,2,0,0,0,0,0,0,0,17,1,1,0,1
Full Pint Brewing Company,0,1,18,3,0,0,4,0,3,0,0,4,0,0,5,3,1,6,0,29,0,2,0,1,0,2,0,0,2,1,0,194,7,0,1,0,0,6,0,0,0,0,0,8,1,0,0,1,0,4,0
Belfast Bay Brewing Co.,1,0,0,19,0,5,24,0,4,0,0,21,8,0,3,5,7,8,0,2,0,1,1,0,0,0,0,0,0,0,0,17,7,0,0,0,1,9,4,0,2,0,14,6,22,0,1,2,0,0,0
Lucky Bucket Brewing Co.,1,5,0,1,0,0,4,0,3,0,21,4,0,0,8,9,2,0,3,1,5,0,0,0,1,0,0,0,1,1,9,4,2,0,3,0,0,16,1,22,1,0,0,6,2,1,7,49,1,1,0
Founders Brewing Company,18,52,10,37,0,23,72,3,37,0,7,166,28,4,27,60,41,74,8,76,3,42,45,8,0,4,0,0,14,5,12,160,49,0,26,4,13,144,48,19,6,3,31,23,96,1,18,62,164,2,6
Jailhouse Brewing Company,1,4,0,2,0,0,0,0,3,0,0,4,0,0,3,3,44,1,1,0,0,1,0,0,0,0,0,0,3,1,0,4,2,0,0,0,1,7,0,0,0,0,3,1,2,0,0,3,0,0,0
Capital Brewery,17,358,1,37,0,8,23,0,12,0,5,13,16,7,18,30,14,10,16,52,3,6,15,8,0,0,0,0,11,2,6,63,21,0,1,1,1,287,22,56,5,8,1,14,18,2,36,180,22,1,0
Schmohz Brewing Company,0,0,0,0,0,0,0,0,1,0,0,0,0,0,0,0,0,0,0,3,0,0,0,0,0,0,0,0,0,0,0,0,0,0,0,0,0,1,0,1,0,0,0,0,0,0,0,1,8,0,0
Ithaca Beer Company,15,9,5,23,3,19,85,1,26,0,0,317,18,2,25,76,18,42,0,72,1,11,10,4,0,12,0,1,19,4,9,236,35,2,2,0,11,48,30,6,4,2,7,23,101,2,10,27,15,7,2
Anderson Valley Brewing Company,39,12,6,37,1,6,42,2,25,0,1,60,6,13,25,191,34,13,23,55,5,18,19,16,0,1,0,2,17,3,4,88,46,1,7,0,1,44,9,3,14,9,4,22,52,3,15,14,33,7,1
Sly Fox Brewing Company,12,5,5,21,2,15,212,3,46,0,0,241,13,0,32,53,8,45,13,65,2,31,16,16,0,10,0,2,29,14,4,755,23,4,2,1,7,30,5,7,12,2,14,17,70,8,6,34,7,8,1
Big Bay Brewing Co.,1,17,0,0,0,0,0,0,0,0,0,1,0,0,0,0,0,0,0,0,0,0,0,0,0,0,0,0,1,0,0,1,0,0,0,0,0,9,1,1,0,0,0,0,1,0,1,11,0,0,0
Rubicon Brewing Company,1,0,0,0,0,2,1,0,3,0,0,1,0,2,2,66,2,1,0,0,0,0,0,2,0,1,0,2,2,0,0,12,4,0,0,0,0,1,2,4,4,0,1,0,1,0,1,4,0,0,0
Lost Coast Brewery and Cafe,27,13,8,49,0,5,15,2,26,0,2,34,1,10,12,184,6,4,10,39,7,7,0,19,0,2,0,3,12,0,5,55,12,1,7,0,1,59,16,7,19,0,2,6,15,1,5,12,8,2,2
Brooklyn Brewery,16,13,3,78,0,25,147,3,49,0,1,332,18,1,30,50,40,69,2,64,1,39,51,9,1,7,0,0,101,28,32,228,71,0,7,2,8,80,56,6,8,4,32,68,110,1,13,94,39,15,11
Odin Brewing Company,12,0,0,0,0,0,1,0,1,0,0,0,0,0,0,1,0,0,0,0,0,0,0,1,0,0,0,0,0,0,1,0,0,0,0,0,0,0,0,0,0,1,0,2,0,0,0,0,0,0,0
Lightning Brewery,3,1,0,0,1,2,0,0,4,0,0,5,0,1,4,50,6,0,1,2,0,4,0,2,0,1,0,0,1,0,0,10,4,0,1,0,1,4,1,6,2,0,1,0,1,1,0,1,2,0,0
Saugatuck Brewing Company,0,0,0,2,0,0,0,0,3,0,0,2,0,0,1,1,0,2,0,6,1,0,0,2,0,0,0,0,1,0,0,2,1,0,0,0,0,26,3,0,0,0,1,2,1,0,4,1,58,0,0
North Coast Brewing Co.,36,28,10,43,1,18,39,7,34,0,11,49,10,8,38,222,20,10,13,61,5,16,28,13,2,1,0,0,69,22,17,108,36,1,13,6,2,82,24,11,15,4,12,29,44,7,22,45,27,12,7
Night Shift Brewing,1,0,0,0,0,4,1,0,0,0,0,3,0,0,0,1,0,0,0,0,0,1,0,0,0,0,0,0,0,0,1,4,0,0,0,0,0,0,1,0,0,0,4,0,26,0,0,4,0,0,0
Devils Backbone Brewing Company,1,1,0,0,0,0,4,0,7,0,0,1,0,0,1,0,1,3,0,0,2,1,1,0,0,0,0,1,2,0,2,9,55,0,0,0,0,4,0,0,0,0,0,15,0,0,0,0,0,2,0
Grand Teton Brewing Co.,20,20,2,9,8,3,17,3,22,2,9,22,6,16,64,152,9,9,10,17,13,40,3,10,1,2,0,1,22,1,4,13,8,0,6,0,4,87,5,27,13,28,3,9,50,7,48,77,7,6,1
Ale Asylum,18,225,0,5,0,0,10,0,6,0,0,10,1,5,10,25,8,9,3,24,0,5,3,4,0,2,0,0,8,1,0,46,17,0,1,1,1,99,10,21,0,0,2,5,17,5,6,77,5,1,0
Butternuts Beer &amp; Ale,0,1,0,2,0,13,31,0,11,0,0,51,12,0,3,12,5,15,3,12,0,6,1,1,0,1,0,0,1,2,12,52,12,0,8,1,6,10,7,0,0,0,20,32,34,0,1,1,0,0,0
Blackstone Restaurant &amp; Brewery,0,0,0,2,0,0,4,3,8,0,1,5,1,0,0,2,4,1,2,6,0,0,9,1,0,0,0,0,2,0,26,6,0,0,5,0,0,11,2,0,0,0,0,1,1,0,5,4,3,0,0
Wooden Shoe Brewing Company,0,0,0,1,0,0,0,0,1,0,0,0,0,0,0,0,1,0,0,9,0,0,0,0,0,0,0,0,0,0,0,0,1,0,0,0,0,0,0,0,0,0,0,0,0,0,0,2,1,0,0
Rising Tide Brewing Company,1,1,0,0,0,16,2,0,1,0,0,5,2,0,1,4,3,1,0,2,0,5,1,1,0,0,0,0,0,1,0,4,3,1,0,0,4,7,1,0,0,0,62,7,52,0,1,1,0,0,0
Southern Tier Brewing Company,61,54,12,108,0,32,115,0,61,0,0,243,19,9,32,92,54,37,13,104,5,32,53,10,0,5,0,0,40,4,25,263,59,2,8,1,7,89,41,8,12,5,18,71,108,1,30,66,83,13,6
Evolution Craft Brewing Company,17,2,2,4,1,3,18,1,10,0,0,21,0,0,8,15,9,15,0,8,0,5,0,5,0,42,0,1,3,1,0,99,37,0,5,0,1,7,10,0,0,0,1,92,16,0,0,4,0,0,0
Oskar Blues Brewing Company,11,14,4,15,1,9,23,0,17,0,0,45,6,2,24,62,18,10,3,47,2,10,12,5,0,3,0,0,16,4,4,41,19,1,10,3,12,64,12,6,4,0,1,25,24,0,4,15,31,4,5
Saint Somewhere Brewing Company,6,3,1,43,0,1,9,0,3,0,0,17,5,2,3,21,6,4,2,9,1,5,11,3,0,0,0,0,8,4,4,40,7,0,1,0,6,9,7,2,2,2,1,5,6,0,5,13,5,0,0
Leelanau Brewing Company,1,6,0,0,0,1,3,0,1,0,0,4,0,0,1,4,1,3,0,6,0,0,1,0,0,0,0,0,1,0,0,6,3,0,0,0,2,21,1,4,2,1,1,0,3,0,1,2,21,0,0
White Birch Brewing,5,3,0,9,0,60,13,0,1,0,0,31,10,2,2,39,10,16,0,4,0,12,1,3,0,2,0,0,3,0,0,55,13,0,0,0,16,32,3,0,3,4,24,3,93,3,1,6,1,0,0
Rush River Brewing Company,6,58,0,1,0,1,2,0,3,0,0,2,0,1,3,10,5,7,1,6,0,1,3,2,0,2,0,0,3,0,2,20,1,0,1,1,0,20,1,6,3,1,1,1,8,1,6,135,0,1,0
Old Dominion Brewing Company,11,8,6,13,1,5,44,3,19,0,0,21,2,0,11,27,23,19,2,32,1,6,2,2,0,9,0,0,11,5,3,134,144,0,5,0,1,16,6,2,2,1,2,72,20,0,1,5,19,1,2
Lake Superior Brewing Company,1,16,0,1,1,0,1,0,2,0,3,3,4,0,2,14,2,7,1,3,0,4,1,2,0,0,0,0,3,0,1,17,3,0,0,0,0,5,0,3,5,0,0,1,6,0,6,115,4,0,0
Oakshire Brewing,47,7,0,7,0,1,2,0,7,0,1,5,0,2,2,19,7,2,0,0,0,3,0,86,0,1,0,0,6,0,0,11,4,1,0,0,5,18,0,3,0,4,0,6,4,0,2,2,3,0,0
August Schell Brewing Company,8,61,5,9,2,2,7,0,7,1,17,9,9,4,29,23,7,14,3,27,2,16,4,5,4,1,0,0,24,1,6,53,12,0,1,0,1,95,11,68,2,6,0,4,8,1,34,571,49,1,3
Boulevard Brewing Co.,101,26,5,21,4,14,46,0,62,1,41,61,8,6,154,140,74,27,76,43,84,9,27,40,0,10,0,2,157,15,21,71,56,1,28,15,1,294,92,56,3,10,10,63,145,5,222,120,16,11,10
Portsmouth Brewery,6,5,0,13,0,119,23,0,14,0,0,37,16,1,10,26,20,34,0,17,1,10,1,5,0,5,0,1,8,0,6,85,16,3,1,0,4,40,8,1,3,5,89,7,162,3,8,10,2,0,2
Fort Collins Brewing,6,19,0,52,4,3,65,0,38,0,2,42,8,2,151,73,50,12,6,53,9,17,24,4,0,0,0,1,21,18,22,87,16,0,9,2,4,79,15,17,7,1,2,9,18,3,13,26,36,1,2
Goose Island Beer Co.,50,74,6,50,2,32,128,1,38,0,13,218,30,12,50,129,26,57,9,103,9,14,56,14,2,17,0,0,30,9,9,236,82,2,7,15,10,433,87,33,11,3,32,74,116,1,61,105,71,12,5
Black Market Brewing Co.,0,0,0,0,0,0,0,0,1,0,0,0,0,1,1,15,0,0,0,0,0,0,0,0,0,0,0,0,0,0,0,0,0,0,0,0,0,0,0,0,0,0,0,0,0,0,0,0,0,0,0
Half Acre Beer Company,16,22,1,9,0,13,22,0,10,0,0,32,5,2,11,55,8,10,2,45,2,3,9,10,0,9,0,0,14,2,4,79,17,0,6,1,5,490,34,11,4,0,3,15,30,1,12,29,14,3,0
"St. George Brewing Company, The",7,3,2,6,1,4,9,0,33,0,0,16,2,0,10,14,5,11,6,28,1,7,9,8,0,3,0,0,4,0,4,42,138,1,2,0,2,15,5,3,3,0,0,18,19,0,2,5,0,0,1
Stone Brewing Co.,71,23,10,86,0,23,120,7,59,0,9,155,31,22,71,308,63,30,17,95,3,27,38,35,0,12,0,0,102,23,20,188,71,2,16,9,13,135,33,26,42,8,20,57,131,4,29,82,71,17,9
Brash Brewing Company,0,0,0,0,0,2,0,0,0,0,0,0,0,0,1,0,6,1,0,0,0,0,0,0,0,0,0,0,0,1,0,1,0,0,1,0,0,4,0,0,0,0,1,0,8,0,0,6,0,0,1
Starr Hill Brewery,4,8,7,58,1,5,15,0,53,0,0,12,2,0,8,12,11,7,1,16,1,15,9,6,0,3,0,1,14,3,22,78,186,0,7,0,2,19,4,3,2,1,1,61,13,0,8,7,2,6,1
Nectar Ales,21,0,0,24,0,9,28,1,5,0,0,21,5,2,19,58,1,6,5,6,2,0,1,7,0,5,0,0,5,0,5,24,10,0,2,0,4,32,2,0,8,3,3,8,30,1,15,0,0,2,1
Portland Brewing Company,38,5,1,3,0,2,4,1,7,0,0,7,0,2,5,42,4,1,1,8,2,3,3,46,0,0,0,1,10,0,1,6,8,1,0,0,2,6,3,7,7,9,3,0,10,9,10,7,11,2,0
O'so Brewing Company,5,133,0,2,0,2,6,0,2,0,0,6,0,1,5,7,1,4,0,11,1,3,0,1,1,2,0,1,7,1,0,6,2,4,0,0,0,76,4,6,0,1,0,1,3,0,2,46,1,0,0
Moonlight Brewing Company,2,3,0,4,0,2,1,0,7,0,1,8,0,4,6,153,6,0,0,11,0,1,1,12,0,0,0,1,11,0,2,13,5,0,0,1,0,20,1,3,2,1,2,9,10,0,3,2,0,1,0
Port Townsend Brewing Company,12,0,0,1,0,1,0,0,3,0,0,1,0,1,0,3,0,0,0,0,0,0,0,5,0,0,0,0,1,0,0,2,0,0,0,0,0,2,0,0,0,0,0,0,3,0,0,0,0,0,0
"Bard's Tale Beer Company, LLC",4,3,0,2,0,5,3,0,3,1,1,5,1,0,6,5,3,0,1,5,0,0,3,1,0,0,0,0,8,0,1,6,3,0,2,1,1,8,4,2,4,1,0,4,6,2,4,4,2,0,0
Napa Smith Brewery,5,2,1,15,0,2,7,2,6,0,0,9,4,3,5,48,15,6,5,10,0,4,14,3,0,0,0,2,13,0,4,4,5,0,2,0,5,25,1,3,4,0,0,5,8,0,8,8,6,1,2
North by Northwest Restaurant &amp; Brewery,0,0,0,0,0,0,0,0,0,0,0,0,0,0,0,1,0,0,0,0,0,0,0,0,0,1,0,0,10,0,0,2,0,0,0,0,0,0,0,0,0,0,0,0,0,0,0,0,0,0,0
High Water Brewing,4,0,0,0,0,1,2,2,0,0,1,2,1,2,1,79,0,2,0,4,0,0,1,2,0,0,0,0,0,0,0,1,0,0,1,0,0,2,0,4,3,0,0,0,2,0,0,3,1,0,0
Wormtown Brewing Co.,0,0,1,1,0,4,1,0,0,0,0,4,3,0,0,1,0,4,0,1,0,0,0,1,0,0,0,0,0,0,0,2,1,0,0,0,0,8,0,0,0,3,0,1,77,1,1,0,0,0,0
Thirsty Dog Brewing Company,9,3,4,7,0,8,5,0,54,0,1,43,16,1,7,11,9,4,1,235,0,37,23,11,0,4,0,0,2,2,5,105,31,1,0,0,2,26,27,7,2,1,13,12,39,2,8,5,52,0,0
Minneapolis Town Hall Brewery,9,16,0,13,0,6,6,0,7,0,4,16,4,1,8,67,9,12,1,19,0,9,1,9,0,3,0,0,8,1,1,58,29,0,1,1,0,67,14,15,4,1,0,12,17,0,11,230,7,1,1
AleSmith Brewing Company,48,18,3,25,0,7,31,1,11,0,1,96,6,6,13,345,16,11,3,36,2,9,11,10,0,3,0,0,19,1,3,116,33,0,7,1,17,71,12,8,12,2,14,17,107,0,8,10,23,5,1
Mission Brewery,1,6,0,4,0,7,26,0,6,0,2,24,3,2,14,109,4,9,0,13,1,3,1,0,0,1,0,0,2,0,1,69,26,0,2,0,2,4,1,2,15,1,0,4,11,0,0,2,1,1,0
Ninkasi Brewing Company,160,9,0,5,0,3,8,0,10,0,1,16,1,3,18,172,10,6,1,13,4,6,2,122,0,3,0,0,12,3,5,26,10,2,6,0,2,23,9,2,13,20,1,10,22,3,5,11,6,14,0
Live Oak Brewing Company,8,3,0,3,0,1,5,0,11,0,0,14,0,0,4,19,7,4,6,13,0,3,1,1,0,1,0,0,172,3,3,12,10,1,0,0,1,16,3,0,1,0,0,6,10,0,3,3,1,1,0
Spiteful Brewing,0,1,0,0,0,0,0,0,0,0,0,0,0,0,0,0,0,0,0,0,0,0,0,0,0,1,0,0,0,0,0,0,0,0,0,0,0,14,0,0,0,0,0,0,1,0,0,0,0,0,0
Karl Strauss Brewing Company,14,2,1,2,1,6,9,2,7,0,0,8,0,7,7,343,5,4,2,7,0,5,0,7,0,0,0,2,9,2,2,17,8,0,1,1,0,13,3,13,5,1,1,4,21,3,4,6,5,0,0
Rock Art Brewery,14,8,2,6,0,87,137,0,18,0,2,112,24,2,14,21,18,82,1,18,1,11,2,17,0,3,0,0,3,3,1,157,19,2,2,1,101,19,6,2,21,0,44,44,227,7,4,5,5,0,0
Baxter Brewing Co.,1,0,0,1,0,15,2,0,3,0,1,11,7,0,2,8,3,11,0,1,0,2,1,0,0,3,0,0,0,1,1,12,3,1,2,0,3,4,1,0,0,0,51,6,112,2,0,0,2,0,0
Port City Brewing,1,5,0,5,0,0,5,0,19,0,0,14,0,0,1,10,1,1,0,5,3,3,0,1,0,2,0,1,5,0,0,14,89,0,1,0,1,4,0,0,0,0,1,43,9,0,1,8,0,1,0
French Broad Brewing Co.,2,3,2,23,0,1,7,0,85,0,0,14,2,0,6,10,48,6,5,26,1,40,12,3,0,2,0,1,14,1,19,24,19,0,10,0,1,15,3,3,2,0,1,5,18,4,6,9,1,0,2
Kona Brewing Co.,16,8,3,26,0,3,29,3,10,0,2,38,3,1,18,74,10,6,4,28,0,10,2,10,0,4,0,8,21,2,5,64,14,2,4,0,0,36,11,0,7,2,3,12,15,1,11,23,4,7,2
Bison Brewing,13,0,0,29,0,3,5,0,34,0,1,11,2,1,2,75,12,2,5,24,0,6,8,14,0,0,0,2,4,2,4,19,20,0,5,0,0,11,6,4,17,7,0,2,2,1,2,3,3,1,0
Granite City Food &amp; Brewery,0,9,0,1,0,0,7,0,1,0,10,1,0,0,5,6,2,2,0,7,2,0,0,1,1,0,0,0,8,0,0,13,5,1,0,0,0,18,9,16,0,0,0,0,5,0,17,35,0,0,0
Coop Ale Works,2,0,0,1,2,0,2,0,0,0,0,7,0,0,1,6,2,3,64,7,0,1,1,3,0,0,0,0,9,3,3,7,2,0,1,3,2,7,0,0,1,0,0,2,2,0,2,3,1,0,0
Peace Tree Brewing Co.,4,2,0,1,0,0,0,0,1,1,6,1,2,0,5,2,0,2,0,2,3,5,1,2,0,2,0,0,5,0,1,4,3,2,2,0,0,21,5,61,0,0,0,1,4,0,8,10,0,0,0
Papago Brewing,1,0,0,0,0,0,1,0,0,0,0,0,0,0,0,2,0,1,0,0,0,0,0,1,0,0,0,0,1,0,0,0,0,0,0,0,0,0,0,0,10,0,0,0,1,0,0,1,0,0,0
New England Brewing Co.,16,1,0,16,4,12,28,0,12,0,0,70,21,1,13,41,6,190,1,11,0,5,2,2,0,2,0,0,7,3,3,49,15,0,0,0,5,33,11,2,3,1,8,7,109,1,4,9,11,1,0
Fordham Brewing Company,4,4,2,6,0,1,12,0,4,0,1,12,1,0,6,6,9,3,0,1,1,1,3,3,0,6,0,0,4,1,0,52,20,0,0,0,0,4,5,0,1,0,4,43,3,0,0,2,6,0,0
Sprecher Brewing Company,12,292,0,46,1,11,19,1,35,0,12,50,4,9,22,82,20,18,8,52,7,9,10,7,0,0,0,0,21,3,25,146,20,0,13,1,1,212,28,56,8,1,5,13,41,5,17,159,25,0,1
Otter Creek Brewing / Wolaver's,11,7,4,16,0,46,91,1,30,0,2,144,19,2,9,19,4,67,1,52,1,3,3,10,0,1,0,0,11,2,0,187,47,0,1,0,20,14,1,2,3,1,17,30,128,0,5,5,4,4,0
Thunderhead Brewing Company,0,0,0,1,0,0,0,0,0,0,6,0,0,0,2,0,1,0,0,0,1,0,0,0,0,0,0,0,2,0,0,1,0,0,1,0,0,1,0,0,0,0,0,0,0,0,0,0,0,0,0
Argus Brewery,0,0,0,0,0,0,0,0,0,0,0,0,0,0,0,0,0,0,0,0,0,1,0,0,0,0,0,0,0,0,0,1,0,0,0,0,0,18,1,0,0,0,1,0,0,0,0,0,0,0,0
"Lakefront Brewery, Inc.",19,332,8,64,0,20,113,1,28,0,10,80,9,15,39,87,44,12,21,67,8,23,18,22,2,1,0,0,28,0,17,155,23,0,15,2,3,184,29,50,13,5,14,26,60,6,36,120,48,7,1
Lancaster Brewing Company,4,8,2,9,0,0,59,1,15,0,0,31,2,0,4,10,2,8,1,12,2,2,6,1,0,3,0,0,4,2,0,299,38,0,0,2,1,8,5,3,2,1,3,39,28,2,0,4,2,4,0
Back Forty Beer Co.,0,0,0,1,0,0,0,0,2,0,0,0,0,0,2,0,8,1,0,3,0,3,1,0,0,0,0,0,1,3,2,1,0,0,18,0,0,3,1,0,1,0,2,1,0,0,0,0,0,0,3
Lift Bridge Brewery,6,12,0,2,0,0,1,1,2,0,0,6,0,0,1,9,2,5,1,1,0,3,0,1,0,2,0,0,4,0,0,14,8,0,0,0,0,16,2,4,0,3,1,7,3,0,6,190,4,0,0
Hermitage Brewing,0,0,0,1,0,2,0,0,0,0,0,1,0,2,1,50,0,1,0,4,0,1,0,2,0,1,0,0,1,0,0,1,0,0,0,0,0,2,1,1,3,0,0,0,1,0,3,0,0,0,0
Hale's Ales Brewery &amp; Pub,146,8,0,7,2,9,5,1,18,0,1,10,1,3,16,44,7,4,9,12,3,2,5,65,0,0,0,1,7,4,1,18,23,0,0,2,0,15,2,9,17,14,0,4,9,4,6,16,1,2,0
Purity Brewing Co,0,0,0,0,0,0,0,0,0,0,0,1,0,0,0,0,0,1,0,0,0,0,0,0,0,0,0,0,0,0,0,0,1,0,0,0,0,0,0,0,0,0,0,1,0,0,0,0,1,0,0
RJ Rockers Brewing Company,11,3,3,21,0,6,21,0,68,0,0,34,4,1,5,20,43,18,5,30,1,105,4,4,0,6,0,0,10,6,18,62,47,0,3,0,1,18,7,11,1,0,2,26,24,0,21,18,6,1,5
Nebraska Brewing Company,1,3,0,1,0,0,0,0,0,0,4,8,0,1,4,1,0,1,0,1,0,1,0,1,0,0,0,0,1,0,0,13,1,0,0,0,0,2,0,0,0,0,0,2,1,0,3,2,0,0,0
Red Oak Brewery,1,1,1,3,0,0,2,0,53,0,0,3,0,0,0,1,1,3,1,4,0,2,0,1,0,0,0,0,2,1,0,3,8,0,0,0,0,3,0,0,0,0,0,1,1,0,1,0,2,0,0
Lawson's Finest Liquids,20,4,0,12,0,51,36,1,5,0,0,54,13,3,8,69,8,31,0,15,0,8,0,7,0,6,0,0,6,6,2,87,20,0,0,0,64,58,16,0,2,0,14,23,89,1,1,11,2,0,1
Jack's Abby Brewing,3,1,0,1,0,25,6,0,3,0,0,21,21,1,3,27,1,24,0,6,0,8,1,2,0,8,0,0,1,0,3,13,4,1,0,0,3,24,7,0,4,3,9,8,349,2,0,0,1,0,0
Sudwerk Restaurant and Brewery,0,3,0,0,0,0,0,0,4,0,0,6,0,0,3,96,0,0,3,2,0,0,0,2,0,0,0,2,2,0,0,13,1,0,0,3,0,0,0,4,12,0,0,0,2,0,1,1,0,0,0
Harriet Brewing,0,1,0,0,0,0,0,0,1,0,0,0,0,0,0,1,0,1,0,0,0,0,0,0,0,0,0,0,0,0,0,1,1,0,0,0,0,0,0,0,0,0,0,1,0,0,2,19,0,0,0
Clown Shoes,16,19,1,55,0,17,50,1,40,0,0,68,10,17,24,69,62,33,10,11,0,12,2,5,0,15,0,1,85,14,5,92,23,0,7,2,7,73,11,4,15,5,32,17,134,3,1,56,5,1,6
Lucid Brewing,0,1,0,0,0,0,0,0,0,0,0,1,0,0,0,1,0,0,0,1,0,0,0,0,0,0,0,0,0,0,0,1,0,0,0,0,0,1,0,0,0,1,0,0,0,0,0,19,0,0,0
Butte Creek Brewing Company,12,5,0,12,0,2,11,3,10,0,0,21,1,2,3,54,13,3,1,8,0,13,4,10,0,2,0,1,7,4,2,20,5,0,2,0,5,7,0,4,5,4,2,1,11,0,7,7,8,0,2
Thomas Creek Brewery,6,1,0,25,0,2,17,0,94,0,9,16,2,0,3,9,61,6,3,26,1,81,12,0,0,1,0,0,8,1,10,37,12,0,12,0,1,21,18,19,1,0,4,2,19,3,2,7,5,0,4
Kane Brewing Company,0,0,0,0,0,0,33,0,2,0,0,3,0,0,0,1,0,0,0,0,0,0,0,0,0,0,0,0,0,2,0,5,2,0,0,0,0,0,0,0,0,0,0,1,1,0,0,0,0,0,0
The Bruery,77,21,9,69,0,28,98,2,42,0,1,172,9,19,62,567,46,39,11,72,1,22,14,25,0,23,0,3,40,3,9,168,66,0,10,0,6,183,62,20,32,4,5,63,120,0,21,33,24,5,7
Thomas Hooker Brewing Company,10,9,2,44,2,21,69,0,20,0,2,85,33,1,12,39,34,212,2,27,1,9,6,3,1,2,0,1,3,2,8,99,23,2,6,1,2,25,7,5,8,1,18,16,151,6,7,6,8,1,0
Elevator Brewery &amp; Draught Haus,2,0,1,2,0,0,0,0,1,0,0,4,0,1,0,4,1,0,0,75,0,4,3,3,0,0,0,1,1,0,0,16,6,0,1,0,1,2,2,1,0,1,3,0,3,0,0,2,2,0,0
Southern Star Brewing Company,9,2,1,6,1,4,5,2,2,0,0,19,2,2,4,19,7,6,3,20,0,4,4,6,0,3,0,0,114,17,3,15,4,0,11,0,0,24,11,2,2,3,1,3,17,2,2,8,4,4,1
Pennsylvania Brewing Company,6,12,13,27,0,5,28,0,37,0,1,54,7,0,21,10,16,11,1,96,0,8,9,2,0,1,0,0,10,0,0,320,59,1,0,0,1,14,9,5,3,0,7,16,43,2,1,5,8,3,0
Real Ale Brewing Company,25,12,0,12,0,4,17,3,11,0,0,45,1,0,21,61,17,8,18,34,5,14,2,20,3,5,0,0,477,29,6,45,20,1,1,1,2,48,17,1,4,4,1,11,36,0,11,22,9,2,0
Saint Arnold Brewing Company,18,6,1,12,1,11,14,4,19,1,1,42,8,3,30,54,29,5,19,31,2,14,6,12,0,6,0,0,595,74,12,48,23,1,7,2,3,57,11,7,9,4,7,16,41,4,12,11,9,5,9
Laurelwood Pizza Co. (CLOSED),13,0,0,0,0,1,0,0,2,0,0,0,0,0,0,3,1,0,1,0,0,0,0,13,0,0,0,0,1,0,0,2,1,1,0,0,0,1,0,1,0,0,0,0,1,0,0,0,0,0,0
Evil Twin Brewing,29,6,0,34,0,10,16,2,25,0,0,65,1,5,3,88,38,19,0,35,0,29,16,9,0,3,0,0,7,7,2,61,29,0,11,0,7,62,10,7,4,4,19,29,31,0,11,3,6,1,6
West Sixth Brewing Company,1,0,0,0,0,0,0,0,1,0,0,2,0,0,0,0,0,0,0,3,0,0,14,0,0,1,0,0,0,0,1,3,0,0,0,0,1,1,1,0,0,0,0,0,1,0,1,1,0,0,0
4 Hands Brewing Co.,1,0,0,3,0,0,2,0,0,0,0,3,0,0,2,0,0,0,0,0,1,0,0,0,0,0,0,0,0,1,1,2,0,0,0,0,0,4,0,0,0,0,0,0,0,0,10,1,0,0,0
Barley John's Brew Pub,0,2,0,2,0,1,0,0,0,0,1,4,0,0,2,3,0,0,0,4,0,3,0,0,0,0,0,0,0,0,0,8,2,0,0,0,1,4,0,1,3,0,0,1,0,0,1,27,1,0,0
Oxbow Brewing Company,0,0,0,0,0,0,0,0,0,0,0,1,1,0,0,2,0,2,0,0,0,0,0,0,0,0,0,0,0,0,0,1,1,0,0,0,1,1,0,0,0,0,11,2,4,0,0,1,0,0,0
Cigar City Brewing,44,27,4,473,2,22,58,2,51,0,2,140,10,1,26,124,36,34,4,67,1,41,30,6,0,14,0,1,38,3,26,169,72,0,22,0,12,170,48,2,12,1,9,54,96,2,17,57,29,3,7
Urban Chestnut Brewing Company,0,0,0,1,0,0,0,0,0,0,0,0,0,0,0,0,0,0,0,0,0,0,0,1,0,0,0,0,2,0,1,5,0,0,0,0,0,3,4,0,0,0,0,0,1,0,12,0,0,0,0
Dragonmead Microbrewery,3,7,0,7,0,2,3,0,13,0,6,7,1,1,2,3,5,6,1,21,2,3,3,3,0,3,0,0,4,0,0,14,3,0,1,2,0,33,4,6,1,0,0,3,9,0,3,16,116,3,0
New Old Lompoc Brewery,22,1,0,1,0,1,3,0,4,0,0,2,0,1,1,10,5,0,0,5,0,2,2,38,0,0,0,0,1,0,0,8,0,0,0,0,2,2,0,2,0,1,0,2,5,2,0,1,1,2,0
Element Brewing Company,1,0,0,2,0,5,1,0,3,0,0,8,4,1,0,6,2,18,0,2,0,1,0,0,0,1,0,0,0,1,3,7,0,0,0,0,4,8,0,1,0,0,1,3,75,0,0,1,0,0,0
Cottrell Brewing Co.,0,0,2,4,0,7,10,0,8,0,0,21,8,0,1,5,2,39,1,6,1,3,0,0,0,0,0,0,1,0,0,18,8,0,1,0,0,8,0,1,1,0,5,1,36,0,1,0,0,0,0
Telegraph Brewing Company,4,2,0,3,0,3,3,0,4,0,0,4,1,1,4,140,6,1,1,6,0,6,0,1,0,0,0,0,4,1,2,14,2,0,2,0,0,6,1,4,5,0,1,2,9,0,1,3,0,1,0
Valley Brewing Company,0,0,0,1,0,3,4,0,1,0,0,6,0,1,2,54,4,2,0,2,0,1,1,1,0,0,0,0,3,1,0,7,2,0,0,0,0,3,1,0,2,0,1,4,2,0,1,1,1,0,0
Fitger's Brewhouse,2,3,0,0,0,0,0,0,0,0,0,1,4,0,0,3,0,1,0,0,0,0,0,1,0,0,0,0,0,0,0,10,2,0,0,0,0,9,0,4,0,0,2,0,2,0,4,69,0,0,0
Upslope Brewing Company,1,1,0,0,2,0,1,0,2,0,0,1,2,0,103,16,2,1,6,1,3,0,2,2,0,0,0,0,5,0,0,11,1,0,0,0,4,6,1,0,1,0,0,3,9,0,6,2,1,1,0
Red Hare Brewing Company,0,0,0,0,0,0,0,0,0,0,0,0,0,0,0,0,8,0,0,0,0,0,0,0,0,0,0,0,0,0,0,0,0,0,0,0,0,0,0,0,0,0,0,0,0,0,0,0,0,0,0
DuClaw Brewing Company,2,2,4,28,0,5,34,1,9,0,0,20,0,0,2,14,8,8,1,14,1,6,1,8,0,15,0,0,4,0,7,209,100,0,0,2,0,22,6,0,3,2,1,203,15,0,1,8,7,1,0
Moylan's Brewery,17,16,1,12,2,3,22,4,41,0,4,21,6,15,25,233,49,8,15,30,5,21,3,20,0,1,0,0,78,21,11,66,35,0,13,4,7,51,14,13,27,1,7,11,34,1,30,39,30,6,1
Intuition Ale Works,1,0,1,9,0,1,1,0,1,0,0,0,0,0,1,0,0,0,0,1,0,1,0,0,0,1,0,0,0,0,0,3,0,0,0,0,0,0,0,0,0,0,0,0,0,0,0,0,0,0,0
Three Heads Brewing,2,2,0,0,0,7,11,0,8,0,0,121,2,0,8,13,0,2,1,5,0,1,3,0,0,1,0,0,1,0,1,37,14,0,0,0,5,21,1,0,1,0,8,2,45,1,0,3,10,1,0
Kern River Brewing Company,9,6,0,11,1,4,7,1,7,0,0,25,1,3,2,180,1,4,3,18,0,3,2,2,0,2,0,0,7,1,1,21,12,0,2,0,0,44,16,7,6,1,5,8,15,1,6,8,6,3,0
Block 15 Brewery &amp; Restaurant,8,0,0,4,0,0,2,0,1,0,0,6,2,0,1,25,0,0,0,1,0,0,0,36,0,0,0,0,1,0,0,5,4,0,0,0,0,15,0,0,0,1,0,2,2,0,1,4,0,0,0
